Source,Target,Type ,Weight
1,a,Undirected,3907
2,a,Undirected,3244
3,a,Undirected,3559
4,a,Undirected,4278
5,a,Undirected,4117
6,a,Undirected,2748
7,a,Undirected,3222
8,a,Undirected,2302
9,a,Undirected,3576
10,a,Undirected,4638
11,a,Undirected,3003
12,a,Undirected,5094
13,a,Undirected,3624
14,a,Undirected,4214
15,a,Undirected,4450
16,a,Undirected,5324
17,a,Undirected,5874
18,a,Undirected,6630
19,a,Undirected,2446
20,a,Undirected,4096
21,a,Undirected,18412
22,a,Undirected,4015
23,a,Undirected,3198
24,a,Undirected,2947
25,a,Undirected,4409
26,a,Undirected,4565
27,a,Undirected,17464
28,a,Undirected,3000
29,a,Undirected,4099
30,a,Undirected,3370
31,a,Undirected,4029
32,a,Undirected,5070
33,a,Undirected,7523
34,a,Undirected,4704
35,a,Undirected,4204
36,a,Undirected,2664
37,a,Undirected,1932
38,a,Undirected,2234
39,a,Undirected,5059
40,a,Undirected,6646
41,a,Undirected,7126
42,a,Undirected,4516
43,a,Undirected,4714
44,a,Undirected,9308
45,a,Undirected,7458
46,a,Undirected,4857
47,a,Undirected,10992
48,a,Undirected,5481
49,a,Undirected,7784
50,a,Undirected,7613
51,a,Undirected,5772
52,a,Undirected,7338
53,a,Undirected,4793
54,a,Undirected,4285
55,a,Undirected,6482
56,a,Undirected,9638
57,a,Undirected,3091
58,a,Undirected,5708
59,a,Undirected,3387
60,a,Undirected,3133
61,a,Undirected,3495
62,a,Undirected,4651
63,a,Undirected,13468
64,a,Undirected,4803
65,a,Undirected,5017
66,a,Undirected,2990
67,a,Undirected,7197
68,a,Undirected,2971
69,a,Undirected,4171
70,a,Undirected,9113
71,a,Undirected,4036
72,a,Undirected,3894
73,a,Undirected,4498
74,a,Undirected,4002
75,a,Undirected,4952
76,a,Undirected,4095
77,a,Undirected,5325
78,a,Undirected,4457
79,a,Undirected,3254
80,a,Undirected,3920
81,a,Undirected,10240
82,a,Undirected,5445
83,a,Undirected,3787
84,a,Undirected,2636
85,a,Undirected,3096
86,a,Undirected,2443
87,a,Undirected,4472
88,a,Undirected,4929
89,a,Undirected,7412
90,a,Undirected,13069
91,a,Undirected,5343
92,a,Undirected,4178
93,a,Undirected,6218
94,a,Undirected,7288
95,a,Undirected,7702
96,a,Undirected,20776
97,a,Undirected,11070
98,a,Undirected,8238
99,a,Undirected,6989
100,a,Undirected,7257
101,a,Undirected,4527
102,a,Undirected,12521
103,a,Undirected,35361
104,a,Undirected,14998
105,a,Undirected,23837
106,a,Undirected,17646
107,a,Undirected,33119
108,a,Undirected,7349
109,a,Undirected,4205
110,a,Undirected,2879
111,a,Undirected,4633
112,a,Undirected,3465
113,a,Undirected,6001
114,a,Undirected,9389
115,a,Undirected,4470
116,a,Undirected,4743
117,a,Undirected,4443
118,a,Undirected,3701
119,a,Undirected,4299
120,a,Undirected,4792
121,a,Undirected,4588
122,a,Undirected,3996
123,a,Undirected,7276
124,a,Undirected,6174
125,a,Undirected,3978
126,a,Undirected,6020
127,a,Undirected,5883
128,a,Undirected,16875
129,a,Undirected,5616
130,a,Undirected,6572
131,a,Undirected,19538
132,a,Undirected,5594
133,a,Undirected,8373
134,a,Undirected,7355
135,a,Undirected,5277
136,a,Undirected,4561
137,a,Undirected,5498
138,a,Undirected,6901
139,a,Undirected,10650
140,a,Undirected,11247
141,a,Undirected,15776
142,a,Undirected,6678
143,a,Undirected,23816
144,a,Undirected,13521
145,a,Undirected,17000
146,a,Undirected,19308
147,a,Undirected,11739
148,a,Undirected,4054
149,a,Undirected,9411
150,a,Undirected,18578
151,a,Undirected,7052
152,a,Undirected,5260
153,a,Undirected,5990
154,a,Undirected,6171
155,a,Undirected,9255
156,a,Undirected,14820
157,a,Undirected,11707
158,a,Undirected,6313
159,a,Undirected,7268
160,a,Undirected,12451
161,a,Undirected,9138
162,a,Undirected,8154
163,a,Undirected,22833
164,a,Undirected,10736
165,a,Undirected,16639
166,a,Undirected,7155
167,a,Undirected,4642
168,a,Undirected,6437
169,a,Undirected,13155
170,a,Undirected,7593
171,a,Undirected,4694
172,a,Undirected,11841
173,a,Undirected,0
174,a,Undirected,35
175,a,Undirected,497
176,a,Undirected,0
177,a,Undirected,25141
178,a,Undirected,12
179,a,Undirected,0
180,a,Undirected,1
181,a,Undirected,4451
182,a,Undirected,7557
183,a,Undirected,4223
184,a,Undirected,4618
185,a,Undirected,3029
186,a,Undirected,4889
187,a,Undirected,3794
188,a,Undirected,4369
189,a,Undirected,5791
190,a,Undirected,6138
191,a,Undirected,2538
192,a,Undirected,3808
193,a,Undirected,3710
194,a,Undirected,4125
195,a,Undirected,3802
196,a,Undirected,4976
197,a,Undirected,3737
198,a,Undirected,3324
199,a,Undirected,2863
200,a,Undirected,7869
201,a,Undirected,2508
202,a,Undirected,2429
203,a,Undirected,2296
204,a,Undirected,2775
205,a,Undirected,6671
206,a,Undirected,4551
207,a,Undirected,4253
208,a,Undirected,3444
209,a,Undirected,4048
210,a,Undirected,2859
211,a,Undirected,3930
212,a,Undirected,4334
213,a,Undirected,4506
214,a,Undirected,3596
215,a,Undirected,4498
216,a,Undirected,6551
217,a,Undirected,3212
218,a,Undirected,3160
219,a,Undirected,5431
220,a,Undirected,5365
221,a,Undirected,0
222,a,Undirected,0
223,b,Undirected,3
224,a,Undirected,0
225,a,Undirected,6
226,a,Undirected,182
227,a,Undirected,0
228,a,Undirected,10191
229,a,Undirected,13918
230,a,Undirected,91
231,a,Undirected,58489
232,a,Undirected,60
233,a,Undirected,933
234,a,Undirected,0
235,a,Undirected,2
236,a,Undirected,2
237,a,Undirected,2848
238,a,Undirected,0
239,a,Undirected,56231
240,a,Undirected,2305
241,a,Undirected,6038
242,a,Undirected,1277
243,a,Undirected,1
244,a,Undirected,23
245,a,Undirected,45213
246,a,Undirected,168
247,a,Undirected,1
248,a,Undirected,55
249,a,Undirected,0
250,a,Undirected,0
251,a,Undirected,0
252,a,Undirected,1
253,a,Undirected,3638
254,a,Undirected,0
255,a,Undirected,0
256,a,Undirected,3
257,a,Undirected,1
258,a,Undirected,0
259,a,Undirected,0
260,a,Undirected,510
261,a,Undirected,2866
262,a,Undirected,3306
263,a,Undirected,1994
264,a,Undirected,2168
265,a,Undirected,2437
266,a,Undirected,2636
267,a,Undirected,1849
268,a,Undirected,2299
269,a,Undirected,2531
270,a,Undirected,3922
271,a,Undirected,2019
272,a,Undirected,3672
273,a,Undirected,3626
274,a,Undirected,3543
275,a,Undirected,3469
276,a,Undirected,2221
277,a,Undirected,3066
278,a,Undirected,3966
279,a,Undirected,3222
280,a,Undirected,5029
281,a,Undirected,0
282,a,Undirected,0
283,a,Undirected,6
284,a,Undirected,4
285,a,Undirected,9611
286,a,Undirected,2894
287,a,Undirected,0
288,a,Undirected,34521
289,a,Undirected,1348
290,a,Undirected,1849
291,a,Undirected,981
292,a,Undirected,53629
293,a,Undirected,0
294,a,Undirected,20981
295,a,Undirected,100
296,a,Undirected,255
297,a,Undirected,0
298,a,Undirected,0
299,a,Undirected,0
300,a,Undirected,995
301,a,Undirected,3938
302,a,Undirected,4578
303,a,Undirected,3822
304,a,Undirected,2280
305,a,Undirected,1780
306,a,Undirected,2824
307,a,Undirected,2337
308,a,Undirected,2225
309,a,Undirected,12592
310,a,Undirected,2804
311,a,Undirected,3494
312,a,Undirected,4380
313,a,Undirected,2187
314,a,Undirected,2911
315,a,Undirected,2858
316,a,Undirected,2764
317,a,Undirected,1710
318,a,Undirected,3234
319,a,Undirected,5001
320,a,Undirected,2307
321,a,Undirected,2
322,a,Undirected,7
323,a,Undirected,0
324,a,Undirected,62
325,a,Undirected,0
326,a,Undirected,0
327,a,Undirected,0
328,a,Undirected,162
329,a,Undirected,0
330,a,Undirected,1534
331,a,Undirected,0
332,a,Undirected,3403
333,a,Undirected,2719
334,a,Undirected,149
335,a,Undirected,380
336,a,Undirected,3012
337,a,Undirected,92
338,a,Undirected,0
339,a,Undirected,58
340,a,Undirected,107
341,a,Undirected,2303
342,a,Undirected,1533
343,a,Undirected,2846
344,a,Undirected,2156
345,a,Undirected,6930
346,a,Undirected,7555
347,a,Undirected,3120
348,a,Undirected,4153
349,a,Undirected,2750
350,a,Undirected,2699
351,a,Undirected,3074
352,a,Undirected,2221
353,a,Undirected,1809
354,a,Undirected,2501
355,a,Undirected,2533
356,a,Undirected,2199
357,a,Undirected,3084
358,a,Undirected,6057
359,a,Undirected,3628
360,a,Undirected,3615
361,a,Undirected,2478
362,a,Undirected,2129
363,a,Undirected,2401
364,a,Undirected,3592
365,a,Undirected,4524
366,a,Undirected,5697
367,a,Undirected,4436
368,a,Undirected,4925
369,a,Undirected,3391
370,a,Undirected,3313
371,a,Undirected,2663
372,a,Undirected,2328
373,a,Undirected,3533
374,a,Undirected,2698
375,a,Undirected,3886
376,a,Undirected,5930
377,a,Undirected,6573
378,a,Undirected,4484
379,a,Undirected,3448
380,a,Undirected,2083
381,a,Undirected,1924
382,a,Undirected,2423
383,a,Undirected,1948
384,a,Undirected,5043
385,a,Undirected,2509
386,a,Undirected,4009
387,a,Undirected,7838
388,a,Undirected,5909
389,a,Undirected,9344
390,a,Undirected,2632
391,a,Undirected,4097
392,a,Undirected,2497
393,a,Undirected,4256
394,a,Undirected,2218
395,a,Undirected,1822
396,a,Undirected,2470
397,a,Undirected,2304
398,a,Undirected,3064
399,a,Undirected,3295
400,a,Undirected,8909
401,a,Undirected,5262
402,a,Undirected,6232
403,a,Undirected,1587
404,a,Undirected,2674
405,a,Undirected,3587
406,a,Undirected,1544
407,a,Undirected,1899
408,a,Undirected,2503
409,a,Undirected,3031
410,a,Undirected,2633
411,a,Undirected,4404
412,a,Undirected,3023
413,a,Undirected,2648
414,a,Undirected,10133
415,a,Undirected,5224
416,a,Undirected,2716
417,a,Undirected,3211
418,a,Undirected,2241
419,a,Undirected,2608
420,a,Undirected,3461
421,a,Undirected,5591
422,a,Undirected,1495
423,a,Undirected,1674
424,a,Undirected,2187
425,a,Undirected,1777
426,a,Undirected,6112
427,a,Undirected,3859
428,a,Undirected,2196
429,a,Undirected,2542
430,a,Undirected,2718
431,a,Undirected,5547
432,a,Undirected,2511
433,a,Undirected,2817
434,a,Undirected,1694
435,a,Undirected,1898
436,a,Undirected,1389
437,a,Undirected,1800
438,a,Undirected,1952
439,a,Undirected,2208
440,a,Undirected,10005
441,b,Undirected,0
442,b,Undirected,0
443,b,Undirected,3691
444,b,Undirected,0
445,b,Undirected,94
446,b,Undirected,84
447,b,Undirected,0
448,b,Undirected,15
449,b,Undirected,5091
450,b,Undirected,0
451,b,Undirected,0
452,b,Undirected,0
453,b,Undirected,0
454,b,Undirected,0
455,b,Undirected,1
456,b,Undirected,22
457,b,Undirected,0
458,b,Undirected,49
459,b,Undirected,0
460,b,Undirected,24
461,b,Undirected,2050
462,b,Undirected,3273
463,b,Undirected,1565
464,b,Undirected,3587
465,b,Undirected,2637
466,b,Undirected,2068
467,b,Undirected,1303
468,b,Undirected,3185
469,b,Undirected,2434
470,b,Undirected,2781
471,b,Undirected,2323
472,b,Undirected,3035
473,b,Undirected,6756
474,b,Undirected,7208
475,b,Undirected,3556
476,b,Undirected,2340
477,b,Undirected,3625
478,b,Undirected,2413
479,b,Undirected,1816
480,b,Undirected,2799
481,b,Undirected,2330
482,b,Undirected,3823
483,b,Undirected,2786
484,b,Undirected,1347
485,b,Undirected,2220
486,b,Undirected,1755
487,b,Undirected,2906
488,b,Undirected,1859
489,b,Undirected,1752
490,b,Undirected,1217
491,b,Undirected,1759
492,b,Undirected,1348
493,b,Undirected,2052
494,b,Undirected,1193
495,b,Undirected,1780
496,b,Undirected,7634
497,b,Undirected,2917
498,b,Undirected,1752
499,b,Undirected,1263
500,b,Undirected,1795
501,b,Undirected,2290
502,b,Undirected,2331
503,b,Undirected,3559
504,b,Undirected,2750
505,b,Undirected,1674
506,b,Undirected,1434
507,b,Undirected,1464
508,b,Undirected,1301
509,b,Undirected,1951
510,b,Undirected,2799
511,b,Undirected,1784
512,b,Undirected,1153
513,b,Undirected,3030
514,b,Undirected,1827
515,b,Undirected,2947
516,b,Undirected,3566
517,b,Undirected,1956
518,b,Undirected,1787
519,b,Undirected,1566
520,b,Undirected,3475
521,b,Undirected,1659
522,b,Undirected,4144
523,b,Undirected,4538
524,b,Undirected,2263
525,b,Undirected,4705
526,b,Undirected,2172
527,b,Undirected,3009
528,b,Undirected,1461
529,b,Undirected,3934
530,b,Undirected,5971
531,b,Undirected,3218
532,b,Undirected,2196
533,b,Undirected,1218
534,b,Undirected,4893
535,b,Undirected,2281
536,b,Undirected,2413
537,b,Undirected,7268
538,b,Undirected,3523
539,b,Undirected,1855
540,b,Undirected,3150
541,b,Undirected,2018
542,b,Undirected,1822
543,b,Undirected,3022
544,b,Undirected,2727
545,b,Undirected,3302
546,b,Undirected,3124
547,b,Undirected,3782
548,b,Undirected,4408
549,b,Undirected,4252
550,b,Undirected,1522
551,b,Undirected,4493
552,b,Undirected,2719
553,b,Undirected,2118
554,b,Undirected,2143
555,b,Undirected,2959
556,b,Undirected,3782
557,b,Undirected,6143
558,b,Undirected,13401
559,b,Undirected,7808
560,b,Undirected,16697
561,b,Undirected,4554
562,b,Undirected,6262
563,b,Undirected,5472
564,b,Undirected,2417
565,b,Undirected,2693
566,b,Undirected,5752
567,b,Undirected,2579
568,b,Undirected,3907
569,b,Undirected,1301
570,b,Undirected,1869
571,b,Undirected,2424
572,b,Undirected,4585
573,b,Undirected,1596
574,b,Undirected,1408
575,b,Undirected,942
576,b,Undirected,3982
577,b,Undirected,2632
578,b,Undirected,2670
579,b,Undirected,3411
580,b,Undirected,7807
581,b,Undirected,2519
582,b,Undirected,7641
583,b,Undirected,1790
584,b,Undirected,2921
585,b,Undirected,4344
586,b,Undirected,8107
587,b,Undirected,2969
588,b,Undirected,3592
589,b,Undirected,4689
590,b,Undirected,2798
591,b,Undirected,2407
592,b,Undirected,1782
593,b,Undirected,2501
594,b,Undirected,2725
595,b,Undirected,5317
596,b,Undirected,3736
597,b,Undirected,2489
598,b,Undirected,7630
599,b,Undirected,4373
600,b,Undirected,1854
601,b,Undirected,1793
602,b,Undirected,4652
603,b,Undirected,1962
604,b,Undirected,2408
605,b,Undirected,2005
606,b,Undirected,2002
607,b,Undirected,2284
608,b,Undirected,2387
609,b,Undirected,3764
610,b,Undirected,2107
611,b,Undirected,1558
612,b,Undirected,2490
613,b,Undirected,1839
614,b,Undirected,1953
615,b,Undirected,5022
616,b,Undirected,2101
617,b,Undirected,860
618,b,Undirected,747
619,b,Undirected,1832
620,b,Undirected,2870
621,b,Undirected,1309
622,b,Undirected,5544
623,b,Undirected,3403
624,b,Undirected,1341
625,b,Undirected,3260
626,b,Undirected,6726
627,b,Undirected,5469
628,b,Undirected,1934
629,b,Undirected,2415
630,b,Undirected,9979
631,b,Undirected,1910
632,b,Undirected,1175
633,b,Undirected,4055
634,b,Undirected,1254
635,b,Undirected,1329
636,b,Undirected,974
637,b,Undirected,1251
638,b,Undirected,1423
639,b,Undirected,1492
640,b,Undirected,1439
641,b,Undirected,1140
642,b,Undirected,1777
643,b,Undirected,1527
644,b,Undirected,1163
645,b,Undirected,2085
646,b,Undirected,1190
647,b,Undirected,1838
648,b,Undirected,2210
649,b,Undirected,1907
650,b,Undirected,2972
651,b,Undirected,2171
652,b,Undirected,2252
653,b,Undirected,2720
654,b,Undirected,888
655,b,Undirected,1150
656,b,Undirected,1122
657,b,Undirected,1726
658,b,Undirected,3027
659,b,Undirected,1070
660,b,Undirected,1108
661,b,Undirected,1530
662,b,Undirected,1379
663,b,Undirected,1640
664,b,Undirected,2049
665,b,Undirected,3620
666,b,Undirected,3103
667,b,Undirected,6464
668,b,Undirected,2941
669,b,Undirected,4526
670,b,Undirected,2245
671,b,Undirected,4074
672,b,Undirected,2646
673,b,Undirected,5358
674,b,Undirected,2507
675,b,Undirected,1664
676,b,Undirected,3187
677,b,Undirected,2165
678,b,Undirected,1518
679,b,Undirected,2285
680,b,Undirected,2572
681,b,Undirected,2723
682,b,Undirected,6555
683,b,Undirected,2934
684,b,Undirected,1154
685,b,Undirected,1076
686,b,Undirected,1988
687,b,Undirected,1368
688,b,Undirected,2042
689,b,Undirected,1162
690,b,Undirected,1174
691,b,Undirected,1222
692,b,Undirected,773
693,b,Undirected,1471
694,b,Undirected,797
695,b,Undirected,585
696,b,Undirected,994
697,b,Undirected,2516
698,b,Undirected,2074
699,b,Undirected,2301
700,b,Undirected,3447
701,b,Undirected,1078
702,b,Undirected,1362
703,b,Undirected,3248
704,b,Undirected,1832
705,b,Undirected,1939
706,b,Undirected,1982
707,b,Undirected,1430
708,b,Undirected,4345
709,b,Undirected,1686
710,b,Undirected,3194
711,b,Undirected,3236
712,b,Undirected,1477
713,b,Undirected,2681
714,b,Undirected,2086
715,b,Undirected,1434
716,b,Undirected,5328
717,b,Undirected,3563
718,b,Undirected,903
719,b,Undirected,942
720,b,Undirected,875
721,b,Undirected,866
722,b,Undirected,3952
723,b,Undirected,1417
724,b,Undirected,1193
725,b,Undirected,1431
726,b,Undirected,2070
727,b,Undirected,1364
728,b,Undirected,8595
729,b,Undirected,4801
730,b,Undirected,1757
731,b,Undirected,1667
732,b,Undirected,3600
733,b,Undirected,2674
734,b,Undirected,1714
735,b,Undirected,1696
736,b,Undirected,1745
737,b,Undirected,1378
738,b,Undirected,1199
739,b,Undirected,1006
740,b,Undirected,1291
741,b,Undirected,2426
742,b,Undirected,1261
743,b,Undirected,1704
744,b,Undirected,2102
745,b,Undirected,1127
746,b,Undirected,2617
747,b,Undirected,1802
748,b,Undirected,2156
749,b,Undirected,1728
750,b,Undirected,2687
751,b,Undirected,1821
752,b,Undirected,2430
753,b,Undirected,1197
754,b,Undirected,6481
755,b,Undirected,2188
756,b,Undirected,1977
757,b,Undirected,1873
758,b,Undirected,1425
759,b,Undirected,1089
760,b,Undirected,2132
761,b,Undirected,6253
762,b,Undirected,2436
763,b,Undirected,3102
764,b,Undirected,2071
765,b,Undirected,2215
766,b,Undirected,2212
767,b,Undirected,1266
768,b,Undirected,1398
769,b,Undirected,1469
770,b,Undirected,1728
771,b,Undirected,1716
772,b,Undirected,5806
773,b,Undirected,2445
774,b,Undirected,7073
775,b,Undirected,3902
776,b,Undirected,1674
777,b,Undirected,1635
778,b,Undirected,1715
779,b,Undirected,2877
780,b,Undirected,3583
781,b,Undirected,4321
782,b,Undirected,1955
783,b,Undirected,1353
784,b,Undirected,1048
785,b,Undirected,1121
786,b,Undirected,1194
787,b,Undirected,4326
788,b,Undirected,4188
789,b,Undirected,1835
790,b,Undirected,1805
791,b,Undirected,2687
792,b,Undirected,1785
793,b,Undirected,2119
794,b,Undirected,1743
795,b,Undirected,2774
796,b,Undirected,1304
797,b,Undirected,1234
798,b,Undirected,2724
799,b,Undirected,5433
800,b,Undirected,1889
801,b,Undirected,3233
802,b,Undirected,2296
803,b,Undirected,2503
804,b,Undirected,2541
805,b,Undirected,3402
806,b,Undirected,3673
807,b,Undirected,7244
808,b,Undirected,2148
809,b,Undirected,3260
810,b,Undirected,1766
811,b,Undirected,4062
812,b,Undirected,1593
813,b,Undirected,1662
814,b,Undirected,2105
815,b,Undirected,1547
816,b,Undirected,1891
817,b,Undirected,1355
818,b,Undirected,2523
819,b,Undirected,2238
820,b,Undirected,1882
821,b,Undirected,1780
822,b,Undirected,2515
823,b,Undirected,2908
824,b,Undirected,1568
825,b,Undirected,1656
826,b,Undirected,2558
827,b,Undirected,2835
828,b,Undirected,3764
829,b,Undirected,2221
830,b,Undirected,2016
831,b,Undirected,1958
832,b,Undirected,1848
833,b,Undirected,1862
834,b,Undirected,1481
835,b,Undirected,1350
836,b,Undirected,1382
837,b,Undirected,2857
838,b,Undirected,3080
839,b,Undirected,1816
840,b,Undirected,4652
841,b,Undirected,1485
842,b,Undirected,1255
843,b,Undirected,1377
844,b,Undirected,1762
845,b,Undirected,1312
846,b,Undirected,2002
847,b,Undirected,1328
848,b,Undirected,1281
849,b,Undirected,2343
850,b,Undirected,2713
851,b,Undirected,1952
852,b,Undirected,2689
853,b,Undirected,1807
854,b,Undirected,1796
855,b,Undirected,2642
856,b,Undirected,1537
857,b,Undirected,2565
858,b,Undirected,2280
859,b,Undirected,1638
860,b,Undirected,3342
861,b,Undirected,2340
862,b,Undirected,1156
863,b,Undirected,1132
864,b,Undirected,988
865,b,Undirected,792
866,b,Undirected,1021
867,b,Undirected,1306
868,b,Undirected,1749
869,b,Undirected,1356
870,b,Undirected,1347
871,b,Undirected,2779
872,b,Undirected,6015
873,b,Undirected,1426
874,b,Undirected,1438
875,b,Undirected,1436
876,b,Undirected,1267
877,b,Undirected,2041
878,b,Undirected,2091
879,b,Undirected,1361
880,b,Undirected,3201
881,b,Undirected,4987
882,b,Undirected,2864
883,b,Undirected,2726
884,b,Undirected,1945
885,b,Undirected,1739
886,b,Undirected,2586
887,b,Undirected,6460
888,b,Undirected,3654
889,b,Undirected,3318
890,b,Undirected,1784
891,b,Undirected,1857
892,b,Undirected,1860
893,b,Undirected,1808
894,b,Undirected,2423
895,b,Undirected,2560
896,b,Undirected,1197
897,b,Undirected,3545
898,b,Undirected,2540
899,b,Undirected,4278
900,b,Undirected,3241
901,b,Undirected,4721
902,b,Undirected,4789
903,b,Undirected,1857
904,b,Undirected,838
905,b,Undirected,940
906,b,Undirected,1750
907,b,Undirected,1420
908,b,Undirected,2350
909,b,Undirected,7717
910,b,Undirected,3181
911,b,Undirected,5364
912,b,Undirected,3717
913,b,Undirected,1968
914,b,Undirected,2099
915,b,Undirected,2547
916,b,Undirected,2962
917,b,Undirected,3495
918,b,Undirected,3795
919,b,Undirected,2398
920,b,Undirected,2951
921,b,Undirected,1321
922,b,Undirected,968
923,b,Undirected,1194
924,b,Undirected,3917
925,b,Undirected,3665
926,b,Undirected,3212
927,b,Undirected,1865
928,b,Undirected,2315
929,b,Undirected,2161
930,b,Undirected,3020
931,b,Undirected,3904
932,b,Undirected,1961
933,b,Undirected,5900
934,b,Undirected,2023
935,b,Undirected,5535
936,b,Undirected,5228
937,b,Undirected,3197
938,b,Undirected,4349
939,b,Undirected,3164
940,b,Undirected,4692
941,b,Undirected,6383
942,b,Undirected,4840
943,b,Undirected,2644
944,b,Undirected,2676
945,b,Undirected,8167
946,b,Undirected,4863
947,b,Undirected,6734
948,b,Undirected,11466
949,b,Undirected,7448
950,b,Undirected,5841
951,b,Undirected,1408
952,b,Undirected,917
953,b,Undirected,1146
954,b,Undirected,1472
955,b,Undirected,3235
956,b,Undirected,3258
957,b,Undirected,1764
958,b,Undirected,2477
959,b,Undirected,4109
960,b,Undirected,2199
961,b,Undirected,3034
962,b,Undirected,1335
963,b,Undirected,853
964,b,Undirected,946
965,b,Undirected,1265
966,b,Undirected,10557
967,b,Undirected,3556
968,b,Undirected,3225
969,b,Undirected,4614
970,b,Undirected,3502
971,b,Undirected,4814
972,b,Undirected,8862
973,b,Undirected,1727
974,b,Undirected,2391
975,b,Undirected,1881
976,b,Undirected,1108
977,b,Undirected,1093
978,b,Undirected,1014
979,b,Undirected,1057
980,b,Undirected,1614
981,b,Undirected,1714
982,b,Undirected,1414
983,b,Undirected,2517
984,b,Undirected,1766
985,b,Undirected,2503
986,b,Undirected,1961
987,b,Undirected,2074
988,b,Undirected,2057
989,b,Undirected,1718
990,b,Undirected,1976
991,b,Undirected,1667
992,b,Undirected,1641
993,b,Undirected,1890
994,b,Undirected,2291
995,b,Undirected,1541
996,b,Undirected,1851
997,b,Undirected,1810
998,b,Undirected,4672
999,b,Undirected,1890
1000,b,Undirected,2770
1001,b,Undirected,3251
1002,b,Undirected,1128
1003,b,Undirected,1126
1004,b,Undirected,585
1005,b,Undirected,1272
1006,b,Undirected,4259
1007,b,Undirected,1591
1008,b,Undirected,3570
1009,b,Undirected,3567
1010,b,Undirected,2444
1011,b,Undirected,935
1012,b,Undirected,912
1013,b,Undirected,1958
1014,b,Undirected,2591
1015,b,Undirected,1538
1016,b,Undirected,3399
1017,b,Undirected,1245
1018,b,Undirected,1516
1019,b,Undirected,3608
1020,b,Undirected,3694
1021,b,Undirected,1014
1022,b,Undirected,496
1023,b,Undirected,855
1024,b,Undirected,503
1025,b,Undirected,647
1026,b,Undirected,454
1027,b,Undirected,735
1028,b,Undirected,1451
1029,b,Undirected,2253
1030,b,Undirected,2020
1031,b,Undirected,1664
1032,b,Undirected,2848
1033,b,Undirected,1780
1034,b,Undirected,5091
1035,b,Undirected,1410
1036,b,Undirected,5178
1037,b,Undirected,3571
1038,b,Undirected,2140
1039,b,Undirected,8205
1040,b,Undirected,8002
1041,b,Undirected,1339
1042,b,Undirected,14730
1043,b,Undirected,1458
1044,b,Undirected,1113
1045,b,Undirected,1067
1046,b,Undirected,566
1047,b,Undirected,877
1048,b,Undirected,951
1049,b,Undirected,457
1050,b,Undirected,813
1051,b,Undirected,1782
1052,b,Undirected,909
1053,b,Undirected,2123
1054,b,Undirected,1834
1055,b,Undirected,1297
1056,b,Undirected,1735
1057,b,Undirected,1807
1058,b,Undirected,1712
1059,b,Undirected,1732
1060,b,Undirected,1589
1061,b,Undirected,1354
1062,b,Undirected,1337
1063,b,Undirected,1368
1064,b,Undirected,2950
1065,b,Undirected,4312
1066,b,Undirected,2082
1067,b,Undirected,5785
1068,b,Undirected,1048
1069,b,Undirected,2459
1070,b,Undirected,1174
1071,b,Undirected,1339
1072,b,Undirected,1397
1073,b,Undirected,1601
1074,b,Undirected,2238
1075,b,Undirected,2351
1076,b,Undirected,2407
1077,b,Undirected,2260
1078,b,Undirected,2106
1079,b,Undirected,2317
1080,b,Undirected,429
1081,b,Undirected,883
1082,b,Undirected,637
1083,b,Undirected,625
1084,b,Undirected,379
1085,b,Undirected,1026
1086,b,Undirected,571
1087,b,Undirected,927
1088,b,Undirected,3316
1089,b,Undirected,3262
1090,b,Undirected,1672
1091,b,Undirected,1305
1092,b,Undirected,1328
1093,b,Undirected,2381
1094,b,Undirected,820
1095,b,Undirected,913
1096,b,Undirected,1097
1097,b,Undirected,1722
1098,b,Undirected,3395
1099,b,Undirected,3437
1100,b,Undirected,546
1101,b,Undirected,1265
1102,b,Undirected,575
1103,b,Undirected,858
1104,b,Undirected,1330
1105,b,Undirected,3332
1106,b,Undirected,2343
1107,b,Undirected,2808
1108,b,Undirected,1848
1109,b,Undirected,1999
1110,b,Undirected,1607
1111,b,Undirected,1521
1112,b,Undirected,494
1113,b,Undirected,494
1114,b,Undirected,821
1115,b,Undirected,790
1116,b,Undirected,444
1117,b,Undirected,468
1118,b,Undirected,727
1119,b,Undirected,6130
1120,b,Undirected,3681
1121,b,Undirected,4661
1122,b,Undirected,2652
1123,b,Undirected,1624
1124,b,Undirected,588
1125,b,Undirected,577
1126,b,Undirected,950
1127,b,Undirected,394
1128,b,Undirected,840
1129,b,Undirected,442
1130,b,Undirected,454
1131,b,Undirected,715
1132,b,Undirected,383
1133,b,Undirected,751
1134,b,Undirected,6538
1135,b,Undirected,3750
1136,b,Undirected,1785
1137,b,Undirected,1800
1138,b,Undirected,875
1139,b,Undirected,825
1140,b,Undirected,1035
1141,b,Undirected,762
1142,b,Undirected,484
1143,b,Undirected,851
1144,b,Undirected,1093
1145,b,Undirected,5838
1146,b,Undirected,6305
1147,b,Undirected,662
1148,b,Undirected,556
1149,b,Undirected,857
1150,b,Undirected,521
1151,b,Undirected,786
1152,b,Undirected,380
1153,b,Undirected,719
1154,b,Undirected,877
1155,b,Undirected,822
1156,b,Undirected,792
1157,b,Undirected,751
1158,b,Undirected,780
1159,b,Undirected,743
1160,b,Undirected,686
1161,b,Undirected,709
1162,b,Undirected,851
1163,b,Undirected,670
1164,b,Undirected,692
1165,b,Undirected,878
1166,b,Undirected,798
1167,b,Undirected,771
1168,b,Undirected,942
1169,b,Undirected,853
1170,b,Undirected,774
1171,b,Undirected,773
1172,b,Undirected,691
1173,b,Undirected,782
1174,b,Undirected,854
1175,b,Undirected,818
1176,b,Undirected,645
1177,b,Undirected,689
1178,b,Undirected,725
1179,b,Undirected,662
1180,b,Undirected,727
1181,b,Undirected,678
1182,b,Undirected,655
1183,b,Undirected,711
1184,b,Undirected,1320
1185,b,Undirected,2047
1186,b,Undirected,5194
1187,b,Undirected,1645
1188,b,Undirected,1889
1189,b,Undirected,1824
1190,b,Undirected,2861
1191,b,Undirected,1595
1192,b,Undirected,1492
1193,b,Undirected,999
1194,b,Undirected,2443
1195,b,Undirected,4232
1196,b,Undirected,3484
1197,b,Undirected,3048
1198,b,Undirected,4748
1199,b,Undirected,1176
1200,b,Undirected,2030
1201,b,Undirected,2044
1202,b,Undirected,522
1203,b,Undirected,501
1204,b,Undirected,905
1205,b,Undirected,1972
1206,b,Undirected,1010
1207,b,Undirected,536
1208,b,Undirected,1348
1209,b,Undirected,474
1210,b,Undirected,471
1211,b,Undirected,812
1212,b,Undirected,442
1213,b,Undirected,662
1214,b,Undirected,423
1215,b,Undirected,886
1216,b,Undirected,1825
1217,b,Undirected,2324
1218,b,Undirected,7454
1219,b,Undirected,2023
1220,b,Undirected,1602
1221,b,Undirected,1998
1222,b,Undirected,522
1223,b,Undirected,764
1224,b,Undirected,340
1225,b,Undirected,335
1226,b,Undirected,343
1227,b,Undirected,787
1228,b,Undirected,403
1229,b,Undirected,439
1230,b,Undirected,328
1231,b,Undirected,656
1232,b,Undirected,342
1233,b,Undirected,361
1234,b,Undirected,728
1235,b,Undirected,1922
1236,b,Undirected,1173
1237,b,Undirected,1171
1238,b,Undirected,1451
1239,b,Undirected,1373
1240,b,Undirected,2192
1241,b,Undirected,1344
1242,b,Undirected,1347
1243,b,Undirected,1556
1244,b,Undirected,1245
1245,b,Undirected,2341
1246,b,Undirected,3180
1247,b,Undirected,6588
1248,b,Undirected,552
1249,b,Undirected,444
1250,b,Undirected,429
1251,b,Undirected,1340
1252,b,Undirected,1143
1253,b,Undirected,542
1254,b,Undirected,865
1255,b,Undirected,40
1256,b,Undirected,869
1257,b,Undirected,464
1258,b,Undirected,911
1259,b,Undirected,459
1260,b,Undirected,745
1261,b,Undirected,2158
1262,b,Undirected,4289
1263,b,Undirected,1712
1264,b,Undirected,2498
1265,b,Undirected,1858
1266,b,Undirected,3135
1267,b,Undirected,1171
1268,b,Undirected,1548
1269,b,Undirected,1956
1270,b,Undirected,587
1271,b,Undirected,1097
1272,b,Undirected,451
1273,b,Undirected,796
1274,b,Undirected,466
1275,b,Undirected,723
1276,b,Undirected,441
1277,b,Undirected,458
1278,b,Undirected,829
1279,b,Undirected,510
1280,b,Undirected,517
1281,b,Undirected,924
1282,b,Undirected,1960
1283,b,Undirected,1327
1284,b,Undirected,5557
1285,b,Undirected,767
1286,b,Undirected,4538
1287,b,Undirected,2814
1288,b,Undirected,2660
1289,b,Undirected,1264
1290,b,Undirected,930
1291,b,Undirected,1023
1292,b,Undirected,1001
1293,b,Undirected,929
1294,b,Undirected,978
1295,b,Undirected,843
1296,b,Undirected,832
1297,b,Undirected,748
1298,b,Undirected,756
1299,b,Undirected,1179
1300,b,Undirected,853
1301,b,Undirected,754
1302,b,Undirected,799
1303,b,Undirected,942
1304,b,Undirected,884
1305,b,Undirected,790
1306,b,Undirected,710
1307,b,Undirected,763
1308,b,Undirected,690
1309,b,Undirected,770
1310,b,Undirected,730
1311,b,Undirected,766
1312,b,Undirected,651
1313,b,Undirected,776
1314,b,Undirected,735
1315,b,Undirected,800
1316,b,Undirected,680
1317,b,Undirected,802
1318,b,Undirected,828
1319,b,Undirected,780
1320,b,Undirected,991
1321,b,Undirected,845
1322,b,Undirected,919
1323,b,Undirected,914
1324,b,Undirected,850
1325,b,Undirected,843
1326,b,Undirected,827
1327,b,Undirected,882
1328,b,Undirected,871
1329,b,Undirected,848
1330,b,Undirected,838
1331,b,Undirected,750
1332,b,Undirected,1025
1333,b,Undirected,894
1334,b,Undirected,960
1335,b,Undirected,940
1336,b,Undirected,976
1337,b,Undirected,783
1338,b,Undirected,798
1339,b,Undirected,771
1340,b,Undirected,877
1341,b,Undirected,799
1342,b,Undirected,749
1343,b,Undirected,1747
1344,b,Undirected,414
1345,b,Undirected,1172
1346,b,Undirected,805
1347,b,Undirected,944
1348,b,Undirected,452
1349,b,Undirected,777
1350,b,Undirected,516
1351,b,Undirected,530
1352,b,Undirected,939
1353,b,Undirected,2118
1354,b,Undirected,4379
1355,b,Undirected,1058
1356,b,Undirected,724
1357,b,Undirected,1178
1358,b,Undirected,529
1359,b,Undirected,541
1360,b,Undirected,848
1361,b,Undirected,436
1362,b,Undirected,486
1363,b,Undirected,957
1364,b,Undirected,495
1365,b,Undirected,511
1366,b,Undirected,768
1367,b,Undirected,432
1368,b,Undirected,1023
1369,b,Undirected,465
1370,b,Undirected,491
1371,b,Undirected,776
1372,b,Undirected,945
1373,b,Undirected,450
1374,b,Undirected,1004
1375,b,Undirected,449
1376,b,Undirected,461
1377,b,Undirected,933
1378,b,Undirected,525
1379,b,Undirected,1004
1380,b,Undirected,6116
1381,b,Undirected,1370
1382,b,Undirected,1589
1383,b,Undirected,3960
1384,b,Undirected,6086
1385,b,Undirected,2543
1386,b,Undirected,4146
1387,b,Undirected,5356
1388,b,Undirected,3170
1389,b,Undirected,3398
1390,b,Undirected,2051
1391,b,Undirected,2186
1392,b,Undirected,3581
1393,b,Undirected,2824
1394,b,Undirected,4882
1395,b,Undirected,2022
1396,b,Undirected,3607
1397,b,Undirected,2269
1398,b,Undirected,4848
1399,b,Undirected,2853
1400,b,Undirected,2572
1401,b,Undirected,5053
1402,b,Undirected,2195
1403,b,Undirected,1641
1404,b,Undirected,2366
1405,b,Undirected,1811
1406,b,Undirected,2382
1407,b,Undirected,2410
1408,b,Undirected,1671
1409,b,Undirected,5192
1410,b,Undirected,13501
1411,b,Undirected,2326
1412,b,Undirected,1996
1413,b,Undirected,1986
1414,b,Undirected,1723
1415,b,Undirected,2024
1416,b,Undirected,1074
1417,b,Undirected,1017
1418,b,Undirected,3400
1419,b,Undirected,3365
1420,b,Undirected,2957
1421,b,Undirected,7177
1422,b,Undirected,2123
1423,b,Undirected,1830
1424,b,Undirected,1948
1425,b,Undirected,1609
1426,b,Undirected,3033
1427,b,Undirected,2027
1428,b,Undirected,2692
1429,b,Undirected,2254
1430,b,Undirected,2116
1431,b,Undirected,4185
1432,b,Undirected,2540
1433,b,Undirected,1980
1434,b,Undirected,1721
1435,b,Undirected,3518
1436,b,Undirected,1898
1437,b,Undirected,1494
1438,b,Undirected,1350
1439,b,Undirected,2200
1440,b,Undirected,4398
1441,b,Undirected,2323
1442,b,Undirected,2548
1443,b,Undirected,2168
1444,b,Undirected,1973
1445,b,Undirected,1456
1446,b,Undirected,946
1447,b,Undirected,2889
1448,b,Undirected,2078
1449,b,Undirected,6083
1450,b,Undirected,3538
1451,b,Undirected,2528
1452,b,Undirected,4257
1453,b,Undirected,1633
1454,b,Undirected,1017
1455,b,Undirected,1420
1456,b,Undirected,2066
1457,b,Undirected,922
1458,b,Undirected,761
1459,b,Undirected,2741
1460,b,Undirected,3982
1461,b,Undirected,2383
1462,b,Undirected,1729
1463,b,Undirected,2538
1464,b,Undirected,5069
1465,b,Undirected,1055
1466,b,Undirected,977
1467,b,Undirected,622
1468,b,Undirected,749
1469,b,Undirected,823
1470,b,Undirected,3694
1471,b,Undirected,1150
1472,b,Undirected,1743
1473,b,Undirected,1572
1474,b,Undirected,1536
1475,b,Undirected,1274
1476,b,Undirected,943
1477,b,Undirected,834
1478,b,Undirected,769
1479,b,Undirected,907
1480,b,Undirected,2924
1481,b,Undirected,1341
1482,b,Undirected,1161
1483,b,Undirected,1160
1484,b,Undirected,948
1485,b,Undirected,1236
1486,b,Undirected,1307
1487,b,Undirected,632
1488,b,Undirected,1178
1489,b,Undirected,873
1490,b,Undirected,605
1491,b,Undirected,3042
1492,b,Undirected,2461
1493,b,Undirected,1383
1494,b,Undirected,2407
1495,b,Undirected,769
1496,b,Undirected,794
1497,b,Undirected,1492
1498,b,Undirected,1453
1499,b,Undirected,1994
1500,b,Undirected,1279
1501,b,Undirected,1318
1502,b,Undirected,996
1503,b,Undirected,6483
1504,b,Undirected,1911
1505,b,Undirected,4249
1506,b,Undirected,1715
1507,b,Undirected,3193
1508,b,Undirected,1383
1509,b,Undirected,7304
1510,b,Undirected,3964
1511,b,Undirected,2100
1512,b,Undirected,3504
1513,b,Undirected,1713
1514,b,Undirected,5017
1515,b,Undirected,2832
1516,b,Undirected,2592
1517,b,Undirected,2472
1518,b,Undirected,2265
1519,b,Undirected,1474
1520,b,Undirected,2637
1521,b,Undirected,1980
1522,b,Undirected,1419
1523,b,Undirected,1556
1524,b,Undirected,2104
1525,b,Undirected,1198
1526,b,Undirected,1892
1527,b,Undirected,1501
1528,b,Undirected,1292
1529,b,Undirected,1506
1530,b,Undirected,2435
1531,b,Undirected,1233
1532,b,Undirected,1493
1533,b,Undirected,1917
1534,b,Undirected,1022
1535,b,Undirected,1434
1536,b,Undirected,1501
1537,b,Undirected,1418
1538,b,Undirected,1123
1539,b,Undirected,1220
1540,b,Undirected,2663
1541,b,Undirected,1110
1542,b,Undirected,2340
1543,b,Undirected,1840
1544,b,Undirected,2392
1545,b,Undirected,3099
1546,b,Undirected,2361
1547,b,Undirected,2277
1548,b,Undirected,1188
1549,b,Undirected,2028
1550,b,Undirected,1272
1551,b,Undirected,4598
1552,b,Undirected,8342
1553,b,Undirected,2229
1554,b,Undirected,1997
1555,b,Undirected,1453
1556,b,Undirected,2481
1557,b,Undirected,2278
1558,b,Undirected,9770
1559,b,Undirected,2107
1560,b,Undirected,2583
1561,b,Undirected,5983
1562,b,Undirected,2108
1563,b,Undirected,2738
1564,b,Undirected,2550
1565,b,Undirected,1923
1566,b,Undirected,7035
1567,b,Undirected,4195
1568,b,Undirected,6526
1569,b,Undirected,2929
1570,b,Undirected,2795
1571,b,Undirected,2128
1572,b,Undirected,2105
1573,b,Undirected,1596
1574,b,Undirected,2525
1575,b,Undirected,2700
1576,b,Undirected,3068
1577,b,Undirected,1479
1578,b,Undirected,896
1579,b,Undirected,1222
1580,b,Undirected,3837
1581,b,Undirected,2446
1582,b,Undirected,5012
1583,b,Undirected,6558
1584,b,Undirected,4472
1585,b,Undirected,2578
1586,b,Undirected,3005
1587,b,Undirected,3183
1588,b,Undirected,3202
1589,b,Undirected,3266
1590,b,Undirected,10525
1591,b,Undirected,1936
1592,b,Undirected,3554
1593,b,Undirected,1790
1594,b,Undirected,1458
1595,b,Undirected,1611
1596,b,Undirected,1618
1597,b,Undirected,1484
1598,b,Undirected,2031
1599,b,Undirected,1490
1600,b,Undirected,1391
1601,b,Undirected,2292
1602,b,Undirected,2144
1603,b,Undirected,2350
1604,b,Undirected,2371
1605,b,Undirected,1138
1606,b,Undirected,891
1607,b,Undirected,4773
1608,b,Undirected,2583
1609,b,Undirected,890
1610,b,Undirected,830
1611,b,Undirected,1194
1612,b,Undirected,1050
1613,b,Undirected,1046
1614,b,Undirected,1523
1615,b,Undirected,3114
1616,b,Undirected,1562
1617,b,Undirected,2907
1618,b,Undirected,6729
1619,b,Undirected,1408
1620,b,Undirected,1068
1621,b,Undirected,1342
1622,b,Undirected,1517
1623,b,Undirected,747
1624,b,Undirected,1049
1625,b,Undirected,736
1626,b,Undirected,667
1627,b,Undirected,649
1628,b,Undirected,2309
1629,b,Undirected,1815
1630,b,Undirected,1229
1631,b,Undirected,1572
1632,b,Undirected,1053
1633,b,Undirected,2034
1634,b,Undirected,786
1635,b,Undirected,905
1636,b,Undirected,3702
1637,b,Undirected,1905
1638,b,Undirected,1477
1639,b,Undirected,1587
1640,b,Undirected,1573
1641,b,Undirected,1780
1642,b,Undirected,1416
1643,b,Undirected,2926
1644,b,Undirected,1694
1645,b,Undirected,2295
1646,b,Undirected,1613
1647,b,Undirected,1155
1648,b,Undirected,2645
1649,b,Undirected,2772
1650,b,Undirected,2961
1651,b,Undirected,1796
1652,b,Undirected,617
1653,b,Undirected,1019
1654,b,Undirected,721
1655,b,Undirected,1032
1656,b,Undirected,689
1657,b,Undirected,524
1658,b,Undirected,932
1659,b,Undirected,490
1660,b,Undirected,538
1661,b,Undirected,515
1662,b,Undirected,546
1663,b,Undirected,599
1664,b,Undirected,644
1665,b,Undirected,506
1666,b,Undirected,769
1667,b,Undirected,536
1668,b,Undirected,548
1669,b,Undirected,898
1670,b,Undirected,924
1671,b,Undirected,9123
1672,b,Undirected,5587
1673,b,Undirected,2148
1674,b,Undirected,2040
1675,b,Undirected,848
1676,b,Undirected,715
1677,b,Undirected,701
1678,b,Undirected,513
1679,b,Undirected,473
1680,b,Undirected,552
1681,b,Undirected,618
1682,b,Undirected,658
1683,b,Undirected,513
1684,b,Undirected,991
1685,b,Undirected,1458
1686,b,Undirected,602
1687,b,Undirected,678
1688,b,Undirected,666
1689,b,Undirected,722
1690,b,Undirected,760
1691,b,Undirected,848
1692,b,Undirected,865
1693,b,Undirected,1173
1694,b,Undirected,1742
1695,b,Undirected,1697
1696,b,Undirected,516
1697,b,Undirected,659
1698,b,Undirected,484
1699,b,Undirected,478
1700,b,Undirected,515
1701,b,Undirected,1074
1702,b,Undirected,1212
1703,b,Undirected,1158
1704,b,Undirected,702
1705,b,Undirected,695
1706,b,Undirected,999
1707,b,Undirected,574
1708,b,Undirected,763
1709,b,Undirected,663
1710,b,Undirected,608
1711,b,Undirected,1137
1712,b,Undirected,666
1713,b,Undirected,544
1714,b,Undirected,762
1715,b,Undirected,773
1716,b,Undirected,2958
1717,b,Undirected,680
1718,b,Undirected,677
1719,b,Undirected,740
1720,b,Undirected,694
1721,b,Undirected,601
1722,b,Undirected,730
1723,b,Undirected,780
1724,b,Undirected,1143
1725,b,Undirected,541
1726,b,Undirected,591
1727,b,Undirected,590
1728,b,Undirected,601
1729,b,Undirected,1173
1730,b,Undirected,798
1731,b,Undirected,1711
1732,b,Undirected,1070
1733,b,Undirected,687
1734,b,Undirected,776
1735,b,Undirected,750
1736,b,Undirected,716
1737,b,Undirected,1029
1738,b,Undirected,7637
1739,b,Undirected,9171
1740,b,Undirected,1705
1741,b,Undirected,2132
1742,b,Undirected,1263
1743,b,Undirected,1376
1744,b,Undirected,2659
1745,b,Undirected,974
1746,b,Undirected,1084
1747,b,Undirected,937
1748,b,Undirected,4212
1749,b,Undirected,2730
1750,b,Undirected,2414
1751,b,Undirected,1979
1752,b,Undirected,1406
1753,b,Undirected,1335
1754,b,Undirected,1957
1755,b,Undirected,2735
1756,b,Undirected,1853
1757,b,Undirected,1244
1758,b,Undirected,1054
1759,b,Undirected,3394
1760,b,Undirected,2646
1761,b,Undirected,2900
1762,b,Undirected,2558
1763,b,Undirected,3506
1764,b,Undirected,1767
1765,b,Undirected,2606
1766,b,Undirected,1115
1767,b,Undirected,1286
1768,b,Undirected,1241
1769,b,Undirected,741
1770,b,Undirected,805
1771,b,Undirected,1706
1772,b,Undirected,4100
1773,b,Undirected,2346
1774,b,Undirected,2037
1775,b,Undirected,1987
1776,b,Undirected,3370
1777,b,Undirected,2984
1778,b,Undirected,6365
1779,b,Undirected,4038
1780,b,Undirected,1693
1781,b,Undirected,1719
1782,b,Undirected,1454
1783,b,Undirected,1520
1784,b,Undirected,1560
1785,b,Undirected,1771
1786,b,Undirected,1671
1787,b,Undirected,2213
1788,b,Undirected,2386
1789,b,Undirected,8946
1790,b,Undirected,2565
1791,b,Undirected,1725
1792,b,Undirected,979
1793,b,Undirected,3194
1794,b,Undirected,1158
1795,b,Undirected,856
1796,b,Undirected,866
1797,b,Undirected,1112
1798,b,Undirected,1453
1799,b,Undirected,2827
1800,b,Undirected,2004
1801,b,Undirected,4304
1802,b,Undirected,4546
1803,b,Undirected,1620
1804,b,Undirected,1216
1805,b,Undirected,852
1806,b,Undirected,1028
1807,b,Undirected,792
1808,b,Undirected,845
1809,b,Undirected,2150
1810,b,Undirected,1430
1811,b,Undirected,1319
1812,b,Undirected,2406
1813,b,Undirected,2276
1814,b,Undirected,1987
1815,b,Undirected,2141
1816,b,Undirected,1939
1817,b,Undirected,3857
1818,b,Undirected,2118
1819,b,Undirected,3215
1820,b,Undirected,922
1821,b,Undirected,1772
1822,b,Undirected,1264
1823,b,Undirected,1520
1824,b,Undirected,4890
1825,b,Undirected,4745
1826,b,Undirected,3123
1827,b,Undirected,4134
1828,b,Undirected,3570
1829,b,Undirected,2483
1830,b,Undirected,1980
1831,b,Undirected,2883
1832,b,Undirected,4862
1833,b,Undirected,2193
1834,b,Undirected,3105
1835,b,Undirected,3190
1836,b,Undirected,2758
1837,b,Undirected,1901
1838,b,Undirected,1599
1839,b,Undirected,1575
1840,b,Undirected,1345
1841,b,Undirected,1648
1842,b,Undirected,1323
1843,b,Undirected,1257
1844,b,Undirected,1263
1845,b,Undirected,1288
1846,b,Undirected,1279
1847,b,Undirected,1430
1848,b,Undirected,1370
1849,b,Undirected,1482
1850,b,Undirected,1242
1851,b,Undirected,1804
1852,b,Undirected,1165
1853,b,Undirected,1562
1854,b,Undirected,2425
1855,b,Undirected,1447
1856,b,Undirected,2468
1857,b,Undirected,3029
1858,b,Undirected,2529
1859,b,Undirected,4483
1860,b,Undirected,2065
1861,b,Undirected,1360
1862,b,Undirected,1280
1863,b,Undirected,1158
1864,b,Undirected,1016
1865,b,Undirected,999
1866,b,Undirected,1070
1867,b,Undirected,1702
1868,b,Undirected,1117
1869,b,Undirected,1044
1870,b,Undirected,1486
1871,b,Undirected,1126
1872,b,Undirected,1177
1873,b,Undirected,1016
1874,b,Undirected,1057
1875,b,Undirected,1238
1876,b,Undirected,1002
1877,b,Undirected,965
1878,b,Undirected,1218
1879,b,Undirected,1060
1880,b,Undirected,1043
1881,b,Undirected,1033
1882,b,Undirected,1015
1883,b,Undirected,1526
1884,b,Undirected,1820
1885,b,Undirected,1101
1886,b,Undirected,1134
1887,b,Undirected,1089
1888,b,Undirected,1145
1889,b,Undirected,1052
1890,b,Undirected,1007
1891,b,Undirected,1012
1892,b,Undirected,1048
1893,b,Undirected,991
1894,b,Undirected,1606
1895,b,Undirected,1129
1896,b,Undirected,1054
1897,b,Undirected,1068
1898,b,Undirected,1009
1899,b,Undirected,1185
1900,b,Undirected,1030
1901,b,Undirected,1414
1902,b,Undirected,1114
1903,b,Undirected,1134
1904,b,Undirected,1072
1905,b,Undirected,1051
1906,b,Undirected,2748
1907,b,Undirected,3859
1908,b,Undirected,5469
1909,b,Undirected,2608
1910,b,Undirected,4622
1911,b,Undirected,1959
1912,b,Undirected,1115
1913,b,Undirected,1316
1914,b,Undirected,869
1915,b,Undirected,12486
1916,b,Undirected,4602
1917,b,Undirected,4690
1918,b,Undirected,2387
1919,b,Undirected,3052
1920,b,Undirected,1714
1921,b,Undirected,1463
1922,b,Undirected,3537
1923,b,Undirected,5441
1924,b,Undirected,3062
1925,b,Undirected,1992
1926,b,Undirected,3853
1927,b,Undirected,2362
1928,b,Undirected,1680
1929,b,Undirected,2183
1930,b,Undirected,1940
1931,b,Undirected,1413
1932,b,Undirected,3604
1933,b,Undirected,5755
1934,b,Undirected,2078
1935,b,Undirected,4468
1936,b,Undirected,2437
1937,b,Undirected,1715
1938,b,Undirected,1525
1939,b,Undirected,1352
1940,b,Undirected,1532
1941,b,Undirected,3041
1942,b,Undirected,1922
1943,b,Undirected,3120
1944,b,Undirected,2213
1945,b,Undirected,1047
1946,b,Undirected,1677
1947,b,Undirected,1862
1948,b,Undirected,1668
1949,b,Undirected,1419
1950,b,Undirected,1278
1951,b,Undirected,1602
1952,b,Undirected,1834
1953,b,Undirected,2174
1954,b,Undirected,2573
1955,b,Undirected,2886
1956,b,Undirected,1806
1957,b,Undirected,2595
1958,b,Undirected,2732
1959,b,Undirected,1520
1960,b,Undirected,1849
1961,b,Undirected,2467
1962,b,Undirected,2942
1963,b,Undirected,3635
1964,b,Undirected,2138
1965,b,Undirected,2029
1966,b,Undirected,2393
1967,b,Undirected,1495
1968,b,Undirected,3540
1969,b,Undirected,1664
1970,b,Undirected,2185
1971,b,Undirected,2035
1972,b,Undirected,1578
1973,b,Undirected,1126
1974,b,Undirected,1816
1975,b,Undirected,5066
1976,b,Undirected,3486
1977,b,Undirected,3539
1978,b,Undirected,1832
1979,b,Undirected,2142
1980,b,Undirected,2115
1981,b,Undirected,1442
1982,b,Undirected,2341
1983,b,Undirected,4405
1984,b,Undirected,2241
1985,b,Undirected,2817
1986,b,Undirected,1910
1987,b,Undirected,3548
1988,b,Undirected,2850
1989,b,Undirected,4078
1990,b,Undirected,4241
1991,b,Undirected,1494
1992,b,Undirected,1292
1993,b,Undirected,2108
1994,b,Undirected,3285
1995,b,Undirected,2250
1996,b,Undirected,3804
1997,b,Undirected,3180
1998,b,Undirected,1841
1999,b,Undirected,6482
2000,b,Undirected,1826
2001,b,Undirected,2658
2002,b,Undirected,4716
2003,b,Undirected,4830
2004,b,Undirected,1512
2005,b,Undirected,1748
2006,b,Undirected,1270
2007,b,Undirected,1257
2008,b,Undirected,1316
2009,b,Undirected,1443
2010,b,Undirected,1797
2011,b,Undirected,2259
2012,b,Undirected,1657
2013,b,Undirected,2007
2014,b,Undirected,10922
2015,b,Undirected,2372
2016,b,Undirected,3739
2017,b,Undirected,3036
2018,b,Undirected,1901
2019,b,Undirected,2783
2020,b,Undirected,5969
2021,b,Undirected,1912
2022,b,Undirected,2787
2023,b,Undirected,2087
2024,b,Undirected,1592
2025,b,Undirected,1970
2026,b,Undirected,3459
2027,b,Undirected,3161
2028,b,Undirected,3371
2029,b,Undirected,1631
2030,b,Undirected,2737
2031,b,Undirected,1710
2032,b,Undirected,1623
2033,b,Undirected,1566
2034,b,Undirected,1727
2035,b,Undirected,4267
2036,b,Undirected,1741
2037,b,Undirected,2389
2038,b,Undirected,2311
2039,b,Undirected,1826
2040,b,Undirected,4127
2041,b,Undirected,3683
2042,b,Undirected,2064
2043,b,Undirected,2000
2044,b,Undirected,1862
2045,b,Undirected,1959
2046,b,Undirected,2262
2047,b,Undirected,6072
2048,b,Undirected,3059
2049,b,Undirected,3304
2050,b,Undirected,3692
2051,b,Undirected,2055
2052,b,Undirected,1928
2053,b,Undirected,3746
2054,b,Undirected,4297
2055,b,Undirected,4247
2056,b,Undirected,2709
2057,b,Undirected,3236
2058,b,Undirected,5150
2059,b,Undirected,6082
2060,b,Undirected,4791
2061,b,Undirected,3122
2062,b,Undirected,2984
2063,b,Undirected,4891
2064,b,Undirected,2576
2065,b,Undirected,2388
2066,b,Undirected,2744
2067,b,Undirected,1604
2068,b,Undirected,3097
2069,b,Undirected,8337
2070,b,Undirected,4208
2071,b,Undirected,2634
2072,b,Undirected,3937
2073,b,Undirected,3056
2074,b,Undirected,3853
2075,b,Undirected,11350
2076,b,Undirected,10259
2077,b,Undirected,6792
2078,b,Undirected,13956
2079,b,Undirected,6162
2080,b,Undirected,4734
2081,b,Undirected,14090
2082,b,Undirected,8374
2083,b,Undirected,9508
2084,b,Undirected,11265
2085,b,Undirected,9159
2086,b,Undirected,14393
2087,b,Undirected,27637
2088,b,Undirected,15742
2089,b,Undirected,27970
2090,b,Undirected,3242
2091,b,Undirected,3886
2092,b,Undirected,4383
2093,b,Undirected,3021
2094,b,Undirected,6459
2095,b,Undirected,6799
2096,b,Undirected,2338
2097,b,Undirected,2504
2098,b,Undirected,1938
2099,b,Undirected,3303
2100,b,Undirected,4738
2101,b,Undirected,2338
2102,b,Undirected,2805
2103,b,Undirected,2606
2104,b,Undirected,2702
2105,b,Undirected,2083
2106,b,Undirected,1945
2107,b,Undirected,2681
2108,b,Undirected,2517
2109,b,Undirected,2911
2110,b,Undirected,1902
2111,b,Undirected,5010
2112,b,Undirected,9602
2113,b,Undirected,4081
2114,b,Undirected,1925
2115,b,Undirected,2494
2116,b,Undirected,3182
2117,b,Undirected,1100
2118,b,Undirected,1095
2119,b,Undirected,1135
2120,b,Undirected,1398
2121,b,Undirected,886
2122,b,Undirected,3940
2123,b,Undirected,2819
2124,b,Undirected,4763
2125,b,Undirected,2906
2126,b,Undirected,3573
2127,b,Undirected,4444
2128,b,Undirected,3888
2129,b,Undirected,2279
2130,b,Undirected,1670
2131,b,Undirected,1019
2132,b,Undirected,1440
2133,b,Undirected,1137
2134,b,Undirected,870
2135,b,Undirected,5147
2136,b,Undirected,2575
2137,b,Undirected,3194
2138,b,Undirected,4115
2139,b,Undirected,2277
2140,b,Undirected,2186
2141,b,Undirected,2823
2142,b,Undirected,3337
2143,b,Undirected,4305
2144,b,Undirected,3295
2145,b,Undirected,4563
2146,b,Undirected,4228
2147,b,Undirected,3817
2148,b,Undirected,7302
2149,b,Undirected,1279
2150,b,Undirected,1023
2151,b,Undirected,838
2152,b,Undirected,2832
2153,b,Undirected,6781
2154,b,Undirected,1963
2155,b,Undirected,1287
2156,b,Undirected,1123
2157,b,Undirected,3535
2158,b,Undirected,4457
2159,b,Undirected,5582
2160,b,Undirected,3795
2161,b,Undirected,4242
2162,b,Undirected,1709
2163,b,Undirected,2322
2164,b,Undirected,2021
2165,b,Undirected,1884
2166,b,Undirected,1194
2167,b,Undirected,2802
2168,b,Undirected,3510
2169,b,Undirected,1871
2170,b,Undirected,1705
2171,b,Undirected,1439
2172,b,Undirected,3127
2173,b,Undirected,2980
2174,b,Undirected,2049
2175,b,Undirected,1932
2176,b,Undirected,1195
2177,b,Undirected,1486
2178,b,Undirected,4197
2179,b,Undirected,5942
2180,b,Undirected,3100
2181,b,Undirected,1696
2182,b,Undirected,2271
2183,b,Undirected,1064
2184,b,Undirected,1439
2185,b,Undirected,10527
2186,b,Undirected,2958
2187,b,Undirected,2133
2188,b,Undirected,3244
2189,b,Undirected,1482
2190,b,Undirected,1381
2191,b,Undirected,1951
2192,b,Undirected,1417
2193,b,Undirected,1308
2194,b,Undirected,1203
2195,b,Undirected,1409
2196,b,Undirected,1339
2197,b,Undirected,1305
2198,b,Undirected,2276
2199,b,Undirected,908
2200,b,Undirected,777
2201,b,Undirected,1191
2202,b,Undirected,1021
2203,b,Undirected,2176
2204,b,Undirected,10754
2205,b,Undirected,2502
2206,b,Undirected,2039
2207,b,Undirected,1645
2208,b,Undirected,2469
2209,b,Undirected,2167
2210,b,Undirected,3417
2211,b,Undirected,2193
2212,b,Undirected,2429
2213,b,Undirected,2358
2214,b,Undirected,6024
2215,b,Undirected,2092
2216,b,Undirected,1481
2217,b,Undirected,1423
2218,b,Undirected,2018
2219,b,Undirected,1710
2220,b,Undirected,2217
2221,b,Undirected,3736
2222,b,Undirected,1549
2223,b,Undirected,6165
2224,b,Undirected,8070
2225,b,Undirected,2604
2226,b,Undirected,2054
2227,b,Undirected,2149
2228,b,Undirected,2458
2229,b,Undirected,3972
2230,b,Undirected,2103
2231,b,Undirected,2538
2232,b,Undirected,2166
2233,b,Undirected,2390
2234,b,Undirected,3134
2235,b,Undirected,2746
2236,b,Undirected,2062
2237,b,Undirected,2017
2238,b,Undirected,3841
2239,b,Undirected,1694
2240,b,Undirected,1946
2241,b,Undirected,2240
2242,b,Undirected,1745
2243,b,Undirected,4036
2244,b,Undirected,1609
2245,b,Undirected,1692
2246,b,Undirected,1669
2247,b,Undirected,2760
2248,b,Undirected,7996
2249,b,Undirected,4941
2250,b,Undirected,2686
2251,b,Undirected,3165
2252,b,Undirected,1205
2253,b,Undirected,1121
2254,b,Undirected,1822
2255,b,Undirected,2747
2256,b,Undirected,1593
2257,b,Undirected,2465
2258,b,Undirected,2932
2259,b,Undirected,8258
2260,b,Undirected,2725
2261,b,Undirected,2157
2262,b,Undirected,1915
2263,b,Undirected,3954
2264,b,Undirected,4494
2265,b,Undirected,11706
2266,b,Undirected,3762
2267,b,Undirected,7096
2268,b,Undirected,3184
2269,b,Undirected,3995
2270,b,Undirected,14879
2271,b,Undirected,7189
2272,b,Undirected,13014
2273,b,Undirected,1983
2274,b,Undirected,1863
2275,b,Undirected,2000
2276,b,Undirected,2101
2277,b,Undirected,1966
2278,b,Undirected,1651
2279,b,Undirected,2111
2280,b,Undirected,3008
2281,b,Undirected,3546
2282,b,Undirected,4600
2283,b,Undirected,2572
2284,b,Undirected,2282
2285,b,Undirected,2274
2286,b,Undirected,1787
2287,b,Undirected,3401
2288,b,Undirected,2546
2289,b,Undirected,2177
2290,b,Undirected,3091
2291,b,Undirected,1981
2292,b,Undirected,2319
2293,b,Undirected,4737
2294,b,Undirected,2001
2295,b,Undirected,2371
2296,b,Undirected,3440
2297,b,Undirected,4190
2298,b,Undirected,8284
2299,b,Undirected,2316
2300,b,Undirected,2915
2301,b,Undirected,2302
2302,b,Undirected,3190
2303,b,Undirected,1361
2304,b,Undirected,1692
2305,b,Undirected,1979
2306,b,Undirected,2829
2307,b,Undirected,2172
2308,b,Undirected,2506
2309,b,Undirected,5938
2310,b,Undirected,3152
2311,b,Undirected,2021
2312,b,Undirected,2790
2313,b,Undirected,1411
2314,b,Undirected,1627
2315,b,Undirected,16508
2316,b,Undirected,2593
2317,b,Undirected,6628
2318,b,Undirected,2848
2319,b,Undirected,6844
2320,b,Undirected,2749
2321,b,Undirected,1929
2322,b,Undirected,1682
2323,b,Undirected,1785
2324,b,Undirected,1667
2325,b,Undirected,1893
2326,b,Undirected,3214
2327,b,Undirected,4104
2328,b,Undirected,2697
2329,b,Undirected,2145
2330,b,Undirected,1419
2331,b,Undirected,2078
2332,b,Undirected,1512
2333,b,Undirected,1564
2334,b,Undirected,2346
2335,b,Undirected,2825
2336,b,Undirected,4841
2337,b,Undirected,1556
2338,b,Undirected,2657
2339,b,Undirected,2310
2340,b,Undirected,1921
2341,b,Undirected,1574
2342,b,Undirected,2553
2343,b,Undirected,2375
2344,b,Undirected,3277
2345,b,Undirected,1509
2346,b,Undirected,1845
2347,b,Undirected,1644
2348,b,Undirected,1896
2349,b,Undirected,1663
2350,b,Undirected,3484
2351,b,Undirected,3166
2352,b,Undirected,2081
2353,b,Undirected,3045
2354,b,Undirected,2104
2355,b,Undirected,3184
2356,b,Undirected,2479
2357,b,Undirected,1929
2358,b,Undirected,5489
2359,b,Undirected,4904
2360,b,Undirected,3725
2361,b,Undirected,2839
2362,b,Undirected,4606
2363,b,Undirected,2662
2364,b,Undirected,2423
2365,b,Undirected,3032
2366,b,Undirected,2505
2367,b,Undirected,2128
2368,b,Undirected,2373
2369,b,Undirected,3461
2370,b,Undirected,6384
2371,b,Undirected,4344
2372,b,Undirected,2825
2373,b,Undirected,2969
2374,b,Undirected,4958
2375,b,Undirected,2069
2376,b,Undirected,2704
2377,b,Undirected,1557
2378,b,Undirected,2070
2379,b,Undirected,1294
2380,b,Undirected,1346
2381,b,Undirected,5052
2382,b,Undirected,10600
2383,b,Undirected,7182
2384,b,Undirected,4095
2385,b,Undirected,5032
2386,b,Undirected,2104
2387,b,Undirected,4560
2388,b,Undirected,3773
2389,b,Undirected,3539
2390,b,Undirected,3688
2391,b,Undirected,3146
2392,b,Undirected,2081
2393,b,Undirected,3958
2394,b,Undirected,1781
2395,b,Undirected,2343
2396,b,Undirected,4293
2397,b,Undirected,3452
2398,b,Undirected,2011
2399,b,Undirected,1955
2400,b,Undirected,1770
2401,b,Undirected,1762
2402,b,Undirected,4788
2403,b,Undirected,5084
2404,b,Undirected,2467
2405,b,Undirected,1750
2406,b,Undirected,2403
2407,b,Undirected,4470
2408,b,Undirected,3066
2409,b,Undirected,1826
2410,b,Undirected,1820
2411,b,Undirected,2016
2412,b,Undirected,1850
2413,b,Undirected,6193
2414,b,Undirected,4326
2415,b,Undirected,2712
2416,b,Undirected,1678
2417,b,Undirected,1725
2418,b,Undirected,1275
2419,b,Undirected,1063
2420,b,Undirected,1425
2421,b,Undirected,2345
2422,b,Undirected,1985
2423,b,Undirected,6031
2424,b,Undirected,3343
2425,b,Undirected,3845
2426,b,Undirected,3016
2427,b,Undirected,5090
2428,b,Undirected,1845
2429,b,Undirected,3176
2430,b,Undirected,1883
2431,b,Undirected,1817
2432,b,Undirected,1894
2433,b,Undirected,3831
2434,b,Undirected,5254
2435,b,Undirected,3446
2436,b,Undirected,1607
2437,b,Undirected,1106
2438,b,Undirected,1250
2439,b,Undirected,1781
2440,b,Undirected,1520
2441,b,Undirected,5282
2442,b,Undirected,3132
2443,b,Undirected,1759
2444,b,Undirected,1747
2445,b,Undirected,1636
2446,b,Undirected,1297
2447,b,Undirected,2111
2448,b,Undirected,1296
2449,b,Undirected,1286
2450,b,Undirected,1409
2451,b,Undirected,1089
2452,b,Undirected,2408
2453,b,Undirected,3281
2454,b,Undirected,2069
2455,b,Undirected,1403
2456,b,Undirected,1778
2457,b,Undirected,1864
2458,b,Undirected,2989
2459,b,Undirected,1933
2460,b,Undirected,1556
2461,b,Undirected,2759
2462,b,Undirected,2139
2463,b,Undirected,3322
2464,b,Undirected,2421
2465,b,Undirected,1834
2466,b,Undirected,2161
2467,b,Undirected,1964
2468,b,Undirected,2849
2469,b,Undirected,5196
2470,b,Undirected,4076
2471,b,Undirected,1892
2472,b,Undirected,2560
2473,b,Undirected,1963
2474,b,Undirected,1872
2475,b,Undirected,3353
2476,b,Undirected,1553
2477,b,Undirected,1896
2478,b,Undirected,1258
2479,b,Undirected,1185
2480,b,Undirected,1394
2481,b,Undirected,1524
2482,b,Undirected,1473
2483,b,Undirected,1878
2484,b,Undirected,2948
2485,b,Undirected,4742
2486,b,Undirected,5054
2487,b,Undirected,5248
2488,b,Undirected,3372
2489,b,Undirected,2393
2490,b,Undirected,2276
2491,b,Undirected,1812
2492,b,Undirected,2500
2493,b,Undirected,2468
2494,b,Undirected,1795
2495,b,Undirected,2704
2496,b,Undirected,1919
2497,b,Undirected,2566
2498,b,Undirected,2425
2499,b,Undirected,2385
2500,b,Undirected,1680
2501,b,Undirected,1882
2502,b,Undirected,2432
2503,b,Undirected,2037
2504,b,Undirected,2583
2505,b,Undirected,3588
2506,b,Undirected,1355
2507,b,Undirected,1683
2508,b,Undirected,941
2509,b,Undirected,2682
2510,b,Undirected,1766
2511,b,Undirected,1595
2512,b,Undirected,1483
2513,b,Undirected,1598
2514,b,Undirected,1651
2515,b,Undirected,1454
2516,b,Undirected,1706
2517,b,Undirected,1401
2518,b,Undirected,3054
2519,b,Undirected,1329
2520,b,Undirected,1638
2521,b,Undirected,1508
2522,b,Undirected,1828
2523,b,Undirected,1678
2524,b,Undirected,1493
2525,b,Undirected,1628
2526,b,Undirected,1405
2527,b,Undirected,1197
2528,b,Undirected,2573
2529,b,Undirected,2042
2530,b,Undirected,5786
2531,b,Undirected,1205
2532,b,Undirected,1259
2533,b,Undirected,2824
2534,b,Undirected,1130
2535,b,Undirected,1181
2536,b,Undirected,1515
2537,b,Undirected,1767
2538,b,Undirected,2408
2539,b,Undirected,3094
2540,b,Undirected,5349
2541,b,Undirected,26773
2542,b,Undirected,2365
2543,b,Undirected,1607
2544,b,Undirected,3041
2545,b,Undirected,2509
2546,b,Undirected,3370
2547,b,Undirected,6082
2548,b,Undirected,2804
2549,b,Undirected,1802
2550,b,Undirected,1620
2551,b,Undirected,1744
2552,b,Undirected,1957
2553,b,Undirected,2829
2554,b,Undirected,2717
2555,b,Undirected,1790
2556,b,Undirected,2464
2557,b,Undirected,1452
2558,b,Undirected,1620
2559,b,Undirected,4126
2560,b,Undirected,2958
2561,b,Undirected,2098
2562,b,Undirected,1801
2563,b,Undirected,1813
2564,b,Undirected,2178
2565,b,Undirected,1613
2566,b,Undirected,2479
2567,b,Undirected,1681
2568,b,Undirected,1399
2569,b,Undirected,2083
2570,b,Undirected,1857
2571,b,Undirected,1403
2572,b,Undirected,1767
2573,b,Undirected,1694
2574,b,Undirected,1491
2575,b,Undirected,1347
2576,b,Undirected,1306
2577,b,Undirected,1142
2578,b,Undirected,1199
2579,b,Undirected,2368
2580,b,Undirected,1481
2581,b,Undirected,1302
2582,b,Undirected,2381
2583,b,Undirected,3905
2584,b,Undirected,1482
2585,b,Undirected,1369
2586,b,Undirected,1638
2587,b,Undirected,1561
2588,b,Undirected,1722
2589,b,Undirected,1476
2590,b,Undirected,1191
2591,b,Undirected,1472
2592,b,Undirected,1421
2593,b,Undirected,2737
2594,b,Undirected,2029
2595,b,Undirected,1375
2596,b,Undirected,1432
2597,b,Undirected,1331
2598,b,Undirected,1280
2599,b,Undirected,1216
2600,b,Undirected,1215
2601,b,Undirected,975
2602,b,Undirected,1485
2603,b,Undirected,4154
2604,b,Undirected,6837
2605,b,Undirected,1794
2606,b,Undirected,3806
2607,b,Undirected,2012
2608,b,Undirected,5591
2609,b,Undirected,2486
2610,b,Undirected,3055
2611,b,Undirected,2080
2612,b,Undirected,1919
2613,b,Undirected,2072
2614,b,Undirected,2548
2615,b,Undirected,2735
2616,b,Undirected,4396
2617,b,Undirected,1475
2618,b,Undirected,1409
2619,b,Undirected,2458
2620,b,Undirected,1919
2621,b,Undirected,994
2622,b,Undirected,2031
2623,b,Undirected,6305
2624,b,Undirected,1703
2625,b,Undirected,1500
2626,b,Undirected,1322
2627,b,Undirected,1308
2628,b,Undirected,1366
2629,b,Undirected,1442
2630,b,Undirected,1352
2631,b,Undirected,1121
2632,b,Undirected,2007
2633,b,Undirected,1274
2634,b,Undirected,1575
2635,b,Undirected,1324
2636,b,Undirected,1237
2637,b,Undirected,1384
2638,b,Undirected,1444
2639,b,Undirected,1722
2640,b,Undirected,2897
2641,b,Undirected,1619
2642,b,Undirected,1789
2643,b,Undirected,1787
2644,b,Undirected,1696
2645,b,Undirected,1543
2646,b,Undirected,1220
2647,b,Undirected,2622
2648,b,Undirected,1897
2649,b,Undirected,5165
2650,b,Undirected,3003
2651,b,Undirected,2029
2652,b,Undirected,1560
2653,b,Undirected,2184
2654,b,Undirected,1864
2655,b,Undirected,2074
2656,b,Undirected,1380
2657,b,Undirected,1669
2658,b,Undirected,2405
2659,b,Undirected,1977
2660,b,Undirected,1432
2661,b,Undirected,1177
2662,b,Undirected,1277
2663,b,Undirected,1413
2664,b,Undirected,1294
2665,b,Undirected,1141
2666,b,Undirected,1872
2667,b,Undirected,1388
2668,b,Undirected,2712
2669,b,Undirected,1100
2670,b,Undirected,5974
2671,b,Undirected,3261
2672,b,Undirected,2109
2673,b,Undirected,1981
2674,b,Undirected,2253
2675,b,Undirected,3969
2676,b,Undirected,2149
2677,b,Undirected,2211
2678,b,Undirected,1136
2679,b,Undirected,1684
2680,b,Undirected,2100
2681,b,Undirected,1322
2682,b,Undirected,4240
2683,b,Undirected,1983
2684,b,Undirected,2291
2685,b,Undirected,1615
2686,b,Undirected,1440
2687,b,Undirected,1445
2688,b,Undirected,3145
2689,b,Undirected,2317
2690,b,Undirected,1809
2691,b,Undirected,974
2692,b,Undirected,2366
2693,b,Undirected,4187
2694,b,Undirected,3736
2695,b,Undirected,2805
2696,b,Undirected,6988
2697,b,Undirected,2090
2698,b,Undirected,1535
2699,b,Undirected,1544
2700,b,Undirected,1598
2701,b,Undirected,2150
2702,b,Undirected,2414
2703,b,Undirected,1543
2704,b,Undirected,1747
2705,b,Undirected,1592
2706,b,Undirected,1213
2707,b,Undirected,1312
2708,b,Undirected,1364
2709,b,Undirected,1255
2710,b,Undirected,1453
2711,b,Undirected,1166
2712,b,Undirected,1166
2713,b,Undirected,2444
2714,b,Undirected,1398
2715,b,Undirected,3041
2716,b,Undirected,2165
2717,b,Undirected,1820
2718,b,Undirected,2555
2719,b,Undirected,1708
2720,b,Undirected,1609
2721,b,Undirected,2136
2722,b,Undirected,2077
2723,b,Undirected,1393
2724,b,Undirected,8242
2725,b,Undirected,1822
2726,b,Undirected,1708
2727,b,Undirected,1906
2728,b,Undirected,1580
2729,b,Undirected,3543
2730,b,Undirected,7594
2731,b,Undirected,4398
2732,b,Undirected,6181
2733,b,Undirected,11368
2734,b,Undirected,1847
2735,b,Undirected,1934
2736,b,Undirected,1586
2737,b,Undirected,1721
2738,b,Undirected,1365
2739,b,Undirected,1318
2740,b,Undirected,3696
2741,b,Undirected,1880
2742,b,Undirected,1453
2743,b,Undirected,1435
2744,b,Undirected,1930
2745,b,Undirected,2169
2746,b,Undirected,1463
2747,b,Undirected,1645
2748,b,Undirected,1604
2749,b,Undirected,2851
2750,b,Undirected,1803
2751,b,Undirected,2955
2752,b,Undirected,14246
2753,b,Undirected,1860
2754,b,Undirected,1936
2755,b,Undirected,2329
2756,b,Undirected,6184
2757,b,Undirected,9142
2758,b,Undirected,2168
2759,b,Undirected,3068
2760,b,Undirected,3224
2761,b,Undirected,2442
2762,b,Undirected,4746
2763,b,Undirected,2465
2764,b,Undirected,2157
2765,b,Undirected,2679
2766,b,Undirected,2443
2767,b,Undirected,2199
2768,b,Undirected,3871
2769,b,Undirected,3475
2770,b,Undirected,5382
2771,b,Undirected,2332
2772,b,Undirected,2854
2773,b,Undirected,2835
2774,b,Undirected,3090
2775,b,Undirected,1360
2776,b,Undirected,1613
2777,b,Undirected,873
2778,b,Undirected,1246
2779,b,Undirected,3672
2780,b,Undirected,1884
2781,b,Undirected,1355
2782,b,Undirected,1989
2783,b,Undirected,1606
2784,b,Undirected,1563
2785,b,Undirected,1314
2786,b,Undirected,1812
2787,b,Undirected,1388
2788,b,Undirected,1489
2789,b,Undirected,3698
2790,b,Undirected,1320
2791,b,Undirected,1207
2792,b,Undirected,1508
2793,b,Undirected,1365
2794,b,Undirected,1316
2795,b,Undirected,3307
2796,b,Undirected,2544
2797,b,Undirected,2250
2798,b,Undirected,6315
2799,b,Undirected,2963
2800,b,Undirected,2274
2801,b,Undirected,3479
2802,b,Undirected,1920
2803,b,Undirected,2068
2804,b,Undirected,1776
2805,b,Undirected,3903
2806,b,Undirected,3085
2807,b,Undirected,2719
2808,b,Undirected,4032
2809,b,Undirected,4916
2810,b,Undirected,10035
2811,b,Undirected,2687
2812,b,Undirected,2464
2813,b,Undirected,3848
2814,b,Undirected,3962
2815,b,Undirected,3104
2816,b,Undirected,3020
2817,b,Undirected,1977
2818,b,Undirected,2130
2819,b,Undirected,1472
2820,b,Undirected,1704
2821,b,Undirected,1453
2822,b,Undirected,3313
2823,b,Undirected,1953
2824,b,Undirected,2479
2825,b,Undirected,3456
2826,b,Undirected,7743
2827,b,Undirected,2593
2828,b,Undirected,1531
2829,b,Undirected,1704
2830,b,Undirected,1276
2831,b,Undirected,2021
2832,b,Undirected,1492
2833,b,Undirected,1463
2834,b,Undirected,1709
2835,b,Undirected,1591
2836,b,Undirected,1240
2837,b,Undirected,1671
2838,b,Undirected,2016
2839,b,Undirected,1856
2840,b,Undirected,2485
2841,b,Undirected,4382
2842,b,Undirected,1877
2843,b,Undirected,1977
2844,b,Undirected,3513
2845,b,Undirected,1843
2846,b,Undirected,2279
2847,b,Undirected,3311
2848,b,Undirected,1694
2849,b,Undirected,1661
2850,b,Undirected,1423
2851,b,Undirected,2988
2852,b,Undirected,1488
2853,b,Undirected,3254
2854,b,Undirected,1891
2855,b,Undirected,2055
2856,b,Undirected,3012
2857,b,Undirected,1720
2858,b,Undirected,6025
2859,b,Undirected,1709
2860,b,Undirected,1488
2861,b,Undirected,2432
2862,b,Undirected,1671
2863,b,Undirected,894
2864,b,Undirected,947
2865,b,Undirected,975
2866,b,Undirected,7324
2867,b,Undirected,1628
2868,b,Undirected,1962
2869,b,Undirected,1383
2870,b,Undirected,3201
2871,b,Undirected,2577
2872,b,Undirected,1854
2873,b,Undirected,1969
2874,b,Undirected,1492
2875,b,Undirected,1602
2876,b,Undirected,1543
2877,b,Undirected,1695
2878,b,Undirected,1643
2879,b,Undirected,1380
2880,b,Undirected,1512
2881,b,Undirected,1544
2882,b,Undirected,3413
2883,b,Undirected,1220
2884,b,Undirected,1455
2885,b,Undirected,1065
2886,b,Undirected,821
2887,b,Undirected,2131
2888,b,Undirected,1743
2889,b,Undirected,1603
2890,b,Undirected,1693
2891,b,Undirected,1639
2892,b,Undirected,1822
2893,b,Undirected,2702
2894,b,Undirected,2592
2895,b,Undirected,1633
2896,b,Undirected,2200
2897,b,Undirected,2098
2898,b,Undirected,2587
2899,b,Undirected,2142
2900,b,Undirected,2735
2901,b,Undirected,2420
2902,b,Undirected,1873
2903,b,Undirected,4481
2904,b,Undirected,1660
2905,b,Undirected,1896
2906,b,Undirected,1686
2907,b,Undirected,1442
2908,b,Undirected,1495
2909,b,Undirected,1298
2910,b,Undirected,2013
2911,b,Undirected,1745
2912,b,Undirected,1342
2913,b,Undirected,1307
2914,b,Undirected,1629
2915,b,Undirected,761
2916,b,Undirected,825
2917,b,Undirected,916
2918,b,Undirected,821
2919,b,Undirected,844
2920,b,Undirected,964
2921,b,Undirected,782
2922,b,Undirected,3328
2923,b,Undirected,2546
2924,b,Undirected,2260
2925,b,Undirected,2725
2926,b,Undirected,1813
2927,b,Undirected,2724
2928,b,Undirected,2480
2929,b,Undirected,1673
2930,b,Undirected,1534
2931,b,Undirected,1768
2932,b,Undirected,1803
2933,b,Undirected,1300
2934,b,Undirected,1329
2935,b,Undirected,1153
2936,b,Undirected,942
2937,b,Undirected,787
2938,b,Undirected,985
2939,b,Undirected,827
2940,b,Undirected,839
2941,b,Undirected,2331
2942,b,Undirected,1819
2943,b,Undirected,3006
2944,b,Undirected,1986
2945,b,Undirected,1734
2946,b,Undirected,1551
2947,b,Undirected,4658
2948,b,Undirected,1454
2949,b,Undirected,1482
2950,b,Undirected,4919
2951,b,Undirected,2278
2952,b,Undirected,2027
2953,b,Undirected,1606
2954,b,Undirected,2597
2955,b,Undirected,1576
2956,b,Undirected,2386
2957,b,Undirected,1422
2958,b,Undirected,1565
2959,b,Undirected,1691
2960,b,Undirected,1573
2961,b,Undirected,1269
2962,b,Undirected,908
2963,b,Undirected,1049
2964,b,Undirected,884
2965,b,Undirected,1515
2966,b,Undirected,2338
2967,b,Undirected,1589
2968,b,Undirected,1874
2969,b,Undirected,1793
2970,b,Undirected,1329
2971,b,Undirected,1838
2972,b,Undirected,2448
2973,b,Undirected,2095
2974,b,Undirected,1473
2975,b,Undirected,1871
2976,b,Undirected,2352
2977,b,Undirected,1741
2978,b,Undirected,2158
2979,b,Undirected,1534
2980,b,Undirected,1501
2981,b,Undirected,1348
2982,b,Undirected,1709
2983,b,Undirected,1839
2984,b,Undirected,1740
2985,b,Undirected,1409
2986,b,Undirected,1950
2987,b,Undirected,1417
2988,b,Undirected,1447
2989,b,Undirected,4593
2990,b,Undirected,1421
2991,b,Undirected,1220
2992,b,Undirected,1960
2993,b,Undirected,1152
2994,b,Undirected,981
2995,b,Undirected,1366
2996,b,Undirected,2332
2997,b,Undirected,1359
2998,b,Undirected,2113
2999,b,Undirected,1466
3000,b,Undirected,1699
3001,b,Undirected,3195
3002,b,Undirected,1394
3003,b,Undirected,1050
3004,b,Undirected,1116
3005,b,Undirected,1072
3006,b,Undirected,991
3007,b,Undirected,1053
3008,b,Undirected,1019
3009,b,Undirected,946
3010,b,Undirected,1004
3011,b,Undirected,1097
3012,b,Undirected,1048
3013,b,Undirected,949
3014,b,Undirected,982
3015,b,Undirected,1095
3016,b,Undirected,993
3017,b,Undirected,976
3018,b,Undirected,1032
3019,b,Undirected,1032
3020,b,Undirected,1152
3021,b,Undirected,939
3022,b,Undirected,876
3023,b,Undirected,1182
3024,b,Undirected,957
3025,b,Undirected,1011
3026,b,Undirected,949
3027,b,Undirected,988
3028,b,Undirected,1039
3029,b,Undirected,988
3030,b,Undirected,1120
3031,b,Undirected,1147
3032,b,Undirected,918
3033,b,Undirected,985
3034,b,Undirected,1064
3035,b,Undirected,1045
3036,b,Undirected,1782
3037,b,Undirected,994
3038,b,Undirected,1118
3039,b,Undirected,1628
3040,b,Undirected,1177
3041,b,Undirected,940
3042,b,Undirected,971
3043,b,Undirected,1177
3044,b,Undirected,992
3045,b,Undirected,1272
3046,b,Undirected,1185
3047,b,Undirected,1373
3048,b,Undirected,1224
3049,b,Undirected,1172
3050,b,Undirected,1184
3051,b,Undirected,1114
3052,b,Undirected,1183
3053,b,Undirected,1193
3054,b,Undirected,1957
3055,b,Undirected,2566
3056,b,Undirected,1703
3057,b,Undirected,3048
3058,b,Undirected,1717
3059,b,Undirected,2126
3060,b,Undirected,1910
3061,b,Undirected,1479
3062,b,Undirected,1125
3063,b,Undirected,1720
3064,b,Undirected,1641
3065,b,Undirected,1802
3066,b,Undirected,1246
3067,b,Undirected,1164
3068,b,Undirected,1127
3069,b,Undirected,1273
3070,b,Undirected,1673
3071,b,Undirected,8039
3072,b,Undirected,5670
3073,b,Undirected,14824
3074,b,Undirected,3189
3075,b,Undirected,1102
3076,b,Undirected,1838
3077,b,Undirected,4147
3078,b,Undirected,2786
3079,b,Undirected,3855
3080,b,Undirected,2490
3081,b,Undirected,3636
3082,b,Undirected,2357
3083,b,Undirected,4899
3084,b,Undirected,3157
3085,b,Undirected,1501
3086,b,Undirected,1482
3087,b,Undirected,2083
3088,b,Undirected,2746
3089,b,Undirected,6360
3090,b,Undirected,2111
3091,b,Undirected,1771
3092,b,Undirected,1783
3093,b,Undirected,3259
3094,b,Undirected,1715
3095,b,Undirected,1750
3096,b,Undirected,1429
3097,b,Undirected,1590
3098,b,Undirected,7299
3099,b,Undirected,2898
3100,b,Undirected,3003
3101,b,Undirected,1872
3102,b,Undirected,1771
3103,b,Undirected,1621
3104,b,Undirected,4135
3105,b,Undirected,2869
3106,b,Undirected,3400
3107,b,Undirected,3741
3108,b,Undirected,2678
3109,b,Undirected,1252
3110,b,Undirected,1147
3111,b,Undirected,1096
3112,b,Undirected,1218
3113,b,Undirected,1361
3114,b,Undirected,831
3115,b,Undirected,917
3116,b,Undirected,788
3117,b,Undirected,2551
3118,b,Undirected,4562
3119,b,Undirected,3332
3120,b,Undirected,2203
3121,b,Undirected,1743
3122,b,Undirected,1573
3123,b,Undirected,1347
3124,b,Undirected,3651
3125,b,Undirected,1957
3126,b,Undirected,2195
3127,b,Undirected,2047
3128,b,Undirected,3997
3129,b,Undirected,2591
3130,b,Undirected,1780
3131,b,Undirected,4494
3132,b,Undirected,3047
3133,b,Undirected,2343
3134,b,Undirected,1424
3135,b,Undirected,1496
3136,b,Undirected,1318
3137,b,Undirected,1396
3138,b,Undirected,1288
3139,b,Undirected,1267
3140,b,Undirected,1803
3141,b,Undirected,3415
3142,b,Undirected,2148
3143,b,Undirected,1860
3144,b,Undirected,2040
3145,b,Undirected,2269
3146,b,Undirected,1992
3147,b,Undirected,1782
3148,b,Undirected,4945
3149,b,Undirected,3567
3150,b,Undirected,3048
3151,b,Undirected,1397
3152,b,Undirected,1499
3153,b,Undirected,2887
3154,b,Undirected,1848
3155,b,Undirected,1695
3156,b,Undirected,1969
3157,b,Undirected,1220
3158,b,Undirected,1620
3159,b,Undirected,2933
3160,b,Undirected,1379
3161,b,Undirected,1143
3162,b,Undirected,1558
3163,b,Undirected,3859
3164,b,Undirected,4927
3165,b,Undirected,3486
3166,b,Undirected,958
3167,b,Undirected,1391
3168,b,Undirected,1829
3169,b,Undirected,1185
3170,b,Undirected,1413
3171,b,Undirected,1763
3172,b,Undirected,1362
3173,b,Undirected,1062
3174,b,Undirected,1550
3175,b,Undirected,1077
3176,b,Undirected,1248
3177,b,Undirected,1035
3178,b,Undirected,1100
3179,b,Undirected,916
3180,b,Undirected,1191
3181,b,Undirected,964
3182,b,Undirected,1244
3183,b,Undirected,1215
3184,b,Undirected,1474
3185,b,Undirected,1004
3186,b,Undirected,1360
3187,b,Undirected,1319
3188,b,Undirected,996
3189,b,Undirected,983
3190,b,Undirected,1660
3191,b,Undirected,1114
3192,b,Undirected,4043
3193,b,Undirected,2184
3194,b,Undirected,2920
3195,b,Undirected,1988
3196,b,Undirected,1919
3197,b,Undirected,2276
3198,b,Undirected,1723
3199,b,Undirected,1640
3200,b,Undirected,2044
3201,b,Undirected,4004
3202,b,Undirected,1967
3203,b,Undirected,3022
3204,b,Undirected,2100
3205,b,Undirected,4290
3206,b,Undirected,1936
3207,b,Undirected,1407
3208,b,Undirected,1773
3209,b,Undirected,1916
3210,b,Undirected,1264
3211,b,Undirected,1353
3212,b,Undirected,1743
3213,b,Undirected,1615
3214,b,Undirected,1372
3215,b,Undirected,3625
3216,b,Undirected,2555
3217,b,Undirected,1219
3218,b,Undirected,1116
3219,b,Undirected,1065
3220,b,Undirected,1053
3221,b,Undirected,942
3222,b,Undirected,933
3223,b,Undirected,1026
3224,b,Undirected,836
3225,b,Undirected,1331
3226,b,Undirected,2296
3227,b,Undirected,2390
3228,b,Undirected,2049
3229,b,Undirected,2215
3230,b,Undirected,1885
3231,b,Undirected,4315
3232,b,Undirected,4122
3233,b,Undirected,2052
3234,b,Undirected,1747
3235,b,Undirected,1594
3236,b,Undirected,1577
3237,b,Undirected,1309
3238,b,Undirected,4865
3239,b,Undirected,1715
3240,b,Undirected,2048
3241,b,Undirected,1463
3242,b,Undirected,1276
3243,b,Undirected,1363
3244,b,Undirected,1202
3245,b,Undirected,1169
3246,b,Undirected,1803
3247,b,Undirected,1233
3248,b,Undirected,1284
3249,b,Undirected,4948
3250,b,Undirected,1955
3251,b,Undirected,2270
3252,b,Undirected,1852
3253,b,Undirected,1244
3254,b,Undirected,1298
3255,b,Undirected,1550
3256,b,Undirected,1231
3257,b,Undirected,2242
3258,b,Undirected,1269
3259,b,Undirected,1727
3260,b,Undirected,1939
3261,b,Undirected,1481
3262,b,Undirected,3016
3263,b,Undirected,1617
3264,b,Undirected,2818
3265,b,Undirected,1565
3266,b,Undirected,1468
3267,b,Undirected,1619
3268,b,Undirected,1916
3269,b,Undirected,1748
3270,b,Undirected,1467
3271,b,Undirected,1313
3272,b,Undirected,1174
3273,b,Undirected,1097
3274,b,Undirected,1146
3275,b,Undirected,1391
3276,b,Undirected,4453
3277,b,Undirected,4575
3278,b,Undirected,1653
3279,b,Undirected,1621
3280,b,Undirected,1389
3281,b,Undirected,1252
3282,b,Undirected,7279
3283,b,Undirected,2657
3284,b,Undirected,2177
3285,b,Undirected,2641
3286,b,Undirected,3296
3287,b,Undirected,1998
3288,b,Undirected,2843
3289,b,Undirected,1743
3290,b,Undirected,1737
3291,b,Undirected,1368
3292,b,Undirected,2026
3293,b,Undirected,1760
3294,b,Undirected,2276
3295,b,Undirected,1640
3296,b,Undirected,1926
3297,b,Undirected,2925
3298,b,Undirected,2206
3299,b,Undirected,2473
3300,b,Undirected,2154
3301,b,Undirected,3838
3302,b,Undirected,2735
3303,b,Undirected,2117
3304,b,Undirected,1570
3305,b,Undirected,1482
3306,b,Undirected,1672
3307,b,Undirected,1625
3308,b,Undirected,1958
3309,b,Undirected,3331
3310,b,Undirected,6216
3311,b,Undirected,3944
3312,b,Undirected,3361
3313,b,Undirected,4797
3314,b,Undirected,2686
3315,b,Undirected,3240
3316,b,Undirected,2619
3317,b,Undirected,2043
3318,b,Undirected,5280
3319,b,Undirected,3640
3320,b,Undirected,2226
3321,b,Undirected,1700
3322,b,Undirected,3215
3323,b,Undirected,3134
3324,b,Undirected,8104
3325,b,Undirected,2299
3326,b,Undirected,2271
3327,b,Undirected,4631
3328,b,Undirected,1656
3329,b,Undirected,2106
3330,b,Undirected,2390
3331,b,Undirected,1727
3332,b,Undirected,1886
3333,b,Undirected,1679
3334,b,Undirected,2005
3335,b,Undirected,1668
3336,b,Undirected,1642
3337,b,Undirected,2342
3338,b,Undirected,1426
3339,b,Undirected,2259
3340,b,Undirected,1981
3341,b,Undirected,1880
3342,b,Undirected,2582
3343,b,Undirected,5182
3344,b,Undirected,3403
3345,b,Undirected,2269
3346,b,Undirected,2626
3347,b,Undirected,9274
3348,b,Undirected,2156
3349,b,Undirected,2886
3350,b,Undirected,3363
3351,b,Undirected,2003
3352,b,Undirected,3313
3353,b,Undirected,1881
3354,b,Undirected,4774
3355,b,Undirected,4164
3356,b,Undirected,3752
3357,b,Undirected,2115
3358,b,Undirected,2317
3359,b,Undirected,3531
3360,b,Undirected,3155
3361,b,Undirected,4458
3362,b,Undirected,3202
3363,b,Undirected,3186
3364,b,Undirected,2080
3365,b,Undirected,1981
3366,b,Undirected,2771
3367,b,Undirected,1036
3368,b,Undirected,1623
3369,b,Undirected,2036
3370,b,Undirected,1045
3371,b,Undirected,1113
3372,b,Undirected,1579
3373,b,Undirected,1788
3374,b,Undirected,3267
3375,b,Undirected,1212
3376,b,Undirected,1808
3377,b,Undirected,1541
3378,b,Undirected,1263
3379,b,Undirected,1184
3380,b,Undirected,1400
3381,b,Undirected,4036
3382,b,Undirected,2858
3383,b,Undirected,1425
3384,b,Undirected,9418
3385,b,Undirected,1425
3386,b,Undirected,2989
3387,b,Undirected,2435
3388,b,Undirected,2691
3389,b,Undirected,2991
3390,b,Undirected,6675
3391,b,Undirected,9169
3392,b,Undirected,3337
3393,b,Undirected,2266
3394,b,Undirected,3045
3395,b,Undirected,3043
3396,b,Undirected,4009
3397,b,Undirected,4258
3398,b,Undirected,4831
3399,b,Undirected,1308
3400,b,Undirected,2505
3401,b,Undirected,1793
3402,b,Undirected,1345
3403,b,Undirected,1755
3404,b,Undirected,2067
3405,b,Undirected,3569
3406,b,Undirected,2622
3407,b,Undirected,2024
3408,b,Undirected,5239
3409,b,Undirected,5719
3410,b,Undirected,2018
3411,b,Undirected,3251
3412,b,Undirected,5082
3413,b,Undirected,4242
3414,b,Undirected,2901
3415,b,Undirected,1723
3416,b,Undirected,10777
3417,b,Undirected,2269
3418,b,Undirected,1128
3419,b,Undirected,1894
3420,b,Undirected,2001
3421,b,Undirected,1703
3422,b,Undirected,1806
3423,b,Undirected,2768
3424,b,Undirected,2308
3425,b,Undirected,2711
3426,b,Undirected,1346
3427,b,Undirected,1493
3428,b,Undirected,1361
3429,b,Undirected,1452
3430,b,Undirected,1259
3431,b,Undirected,1248
3432,b,Undirected,1617
3433,b,Undirected,1218
3434,b,Undirected,1435
3435,b,Undirected,1282
3436,b,Undirected,2820
3437,b,Undirected,2701
3438,b,Undirected,2513
3439,b,Undirected,1505
3440,b,Undirected,1367
3441,b,Undirected,1277
3442,b,Undirected,1373
3443,b,Undirected,1948
3444,b,Undirected,1294
3445,b,Undirected,1584
3446,b,Undirected,2040
3447,b,Undirected,1766
3448,b,Undirected,1609
3449,b,Undirected,1173
3450,b,Undirected,1510
3451,b,Undirected,1356
3452,b,Undirected,1183
3453,b,Undirected,1257
3454,b,Undirected,1557
3455,b,Undirected,1583
3456,b,Undirected,5106
3457,b,Undirected,4243
3458,b,Undirected,1597
3459,b,Undirected,2420
3460,b,Undirected,10487
3461,b,Undirected,2934
3462,b,Undirected,2188
3463,b,Undirected,4889
3464,b,Undirected,1740
3465,b,Undirected,1441
3466,b,Undirected,1830
3467,b,Undirected,1657
3468,b,Undirected,1425
3469,b,Undirected,1202
3470,b,Undirected,2693
3471,b,Undirected,1938
3472,b,Undirected,1944
3473,b,Undirected,1896
3474,b,Undirected,4119
3475,b,Undirected,2210
3476,b,Undirected,1983
3477,b,Undirected,1393
3478,b,Undirected,1834
3479,b,Undirected,1892
3480,b,Undirected,1461
3481,b,Undirected,1307
3482,b,Undirected,1760
3483,b,Undirected,1529
3484,b,Undirected,1233
3485,b,Undirected,1955
3486,b,Undirected,1505
3487,b,Undirected,1199
3488,b,Undirected,1748
3489,b,Undirected,1752
3490,b,Undirected,2854
3491,b,Undirected,1781
3492,b,Undirected,1738
3493,b,Undirected,1554
3494,b,Undirected,1860
3495,b,Undirected,1996
3496,b,Undirected,937
3497,b,Undirected,839
3498,b,Undirected,995
3499,b,Undirected,1379
3500,b,Undirected,1207
3501,b,Undirected,1753
3502,b,Undirected,3959
3503,b,Undirected,950
3504,b,Undirected,1233
3505,b,Undirected,990
3506,b,Undirected,1099
3507,b,Undirected,1454
3508,b,Undirected,1019
3509,b,Undirected,2538
3510,b,Undirected,2139
3511,b,Undirected,2764
3512,b,Undirected,2122
3513,b,Undirected,1341
3514,b,Undirected,1923
3515,b,Undirected,1592
3516,b,Undirected,2104
3517,b,Undirected,3005
3518,b,Undirected,4270
3519,b,Undirected,2262
3520,b,Undirected,2212
3521,b,Undirected,3494
3522,b,Undirected,2759
3523,b,Undirected,1649
3524,b,Undirected,1478
3525,b,Undirected,3864
3526,b,Undirected,1954
3527,b,Undirected,1066
3528,b,Undirected,1166
3529,b,Undirected,1159
3530,b,Undirected,3330
3531,b,Undirected,2530
3532,b,Undirected,2942
3533,b,Undirected,2490
3534,b,Undirected,2010
3535,b,Undirected,2290
3536,b,Undirected,3962
3537,b,Undirected,1365
3538,b,Undirected,2048
3539,b,Undirected,2980
3540,b,Undirected,1897
3541,b,Undirected,3821
3542,b,Undirected,961
3543,b,Undirected,1183
3544,b,Undirected,1126
3545,b,Undirected,2533
3546,b,Undirected,1925
3547,b,Undirected,1607
3548,b,Undirected,2248
3549,b,Undirected,1525
3550,b,Undirected,3260
3551,b,Undirected,3815
3552,b,Undirected,2125
3553,b,Undirected,1109
3554,b,Undirected,956
3555,b,Undirected,1010
3556,b,Undirected,1281
3557,b,Undirected,7184
3558,b,Undirected,3273
3559,b,Undirected,2610
3560,b,Undirected,2914
3561,b,Undirected,2054
3562,b,Undirected,1434
3563,b,Undirected,1407
3564,b,Undirected,1352
3565,b,Undirected,1362
3566,b,Undirected,1411
3567,b,Undirected,1280
3568,b,Undirected,1387
3569,b,Undirected,1961
3570,b,Undirected,1914
3571,b,Undirected,4035
3572,b,Undirected,5554
3573,b,Undirected,2601
3574,b,Undirected,9003
3575,b,Undirected,3199
3576,b,Undirected,2919
3577,b,Undirected,5390
3578,b,Undirected,4317
3579,b,Undirected,4233
3580,b,Undirected,7555
3581,b,Undirected,13476
3582,b,Undirected,2397
3583,b,Undirected,6499
3584,b,Undirected,1732
3585,b,Undirected,1360
3586,b,Undirected,1601
3587,b,Undirected,2571
3588,b,Undirected,4395
3589,b,Undirected,3133
3590,b,Undirected,2829
3591,b,Undirected,1949
3592,b,Undirected,1606
3593,b,Undirected,5796
3594,b,Undirected,5821
3595,b,Undirected,2242
3596,b,Undirected,3471
3597,b,Undirected,3641
3598,b,Undirected,1973
3599,b,Undirected,2467
3600,b,Undirected,1950
3601,b,Undirected,2448
3602,b,Undirected,2072
3603,b,Undirected,1501
3604,b,Undirected,2511
3605,b,Undirected,2600
3606,b,Undirected,1646
3607,b,Undirected,1293
3608,b,Undirected,4513
3609,b,Undirected,2678
3610,b,Undirected,947
3611,b,Undirected,1082
3612,b,Undirected,1049
3613,b,Undirected,813
3614,b,Undirected,820
3615,b,Undirected,757
3616,b,Undirected,1166
3617,b,Undirected,825
3618,b,Undirected,1609
3619,b,Undirected,1902
3620,b,Undirected,1373
3621,b,Undirected,1324
3622,b,Undirected,992
3623,b,Undirected,1077
3624,b,Undirected,1961
3625,b,Undirected,1719
3626,b,Undirected,7090
3627,b,Undirected,1953
3628,b,Undirected,1253
3629,b,Undirected,1382
3630,b,Undirected,2520
3631,b,Undirected,1458
3632,b,Undirected,2234
3633,b,Undirected,1712
3634,b,Undirected,1835
3635,b,Undirected,1776
3636,b,Undirected,2216
3637,b,Undirected,2513
3638,b,Undirected,2112
3639,b,Undirected,1492
3640,b,Undirected,2767
3641,b,Undirected,1512
3642,b,Undirected,2393
3643,b,Undirected,1529
3644,b,Undirected,1398
3645,b,Undirected,1191
3646,b,Undirected,1172
3647,b,Undirected,1174
3648,b,Undirected,1427
3649,b,Undirected,1163
3650,b,Undirected,1043
3651,b,Undirected,1353
3652,b,Undirected,1368
3653,b,Undirected,2146
3654,b,Undirected,2228
3655,b,Undirected,4326
3656,b,Undirected,3250
3657,b,Undirected,2146
3658,b,Undirected,1681
3659,b,Undirected,1239
3660,b,Undirected,1440
3661,b,Undirected,1298
3662,b,Undirected,1737
3663,b,Undirected,1931
3664,b,Undirected,3361
3665,b,Undirected,1318
3666,b,Undirected,2347
3667,b,Undirected,2580
3668,b,Undirected,2242
3669,b,Undirected,1595
3670,b,Undirected,1576
3671,b,Undirected,1709
3672,b,Undirected,1215
3673,b,Undirected,1183
3674,b,Undirected,1219
3675,b,Undirected,3643
3676,b,Undirected,1187
3677,b,Undirected,1848
3678,b,Undirected,1423
3679,b,Undirected,2723
3680,b,Undirected,2627
3681,b,Undirected,2282
3682,b,Undirected,1397
3683,b,Undirected,1381
3684,b,Undirected,1217
3685,b,Undirected,1270
3686,b,Undirected,1355
3687,b,Undirected,2712
3688,b,Undirected,1535
3689,b,Undirected,1715
3690,b,Undirected,1476
3691,b,Undirected,1439
3692,b,Undirected,2992
3693,b,Undirected,1517
3694,b,Undirected,2019
3695,b,Undirected,1479
3696,b,Undirected,2606
3697,b,Undirected,1881
3698,b,Undirected,1529
3699,b,Undirected,1359
3700,b,Undirected,1489
3701,b,Undirected,2477
3702,b,Undirected,1698
3703,b,Undirected,2136
3704,b,Undirected,1359
3705,b,Undirected,1281
3706,b,Undirected,1431
3707,b,Undirected,8366
3708,b,Undirected,2520
3709,b,Undirected,1568
3710,b,Undirected,1307
3711,b,Undirected,1333
3712,b,Undirected,2019
3713,b,Undirected,1487
3714,b,Undirected,1446
3715,b,Undirected,1478
3716,b,Undirected,1007
3717,b,Undirected,2236
3718,b,Undirected,3263
3719,b,Undirected,1262
3720,b,Undirected,1220
3721,b,Undirected,1581
3722,b,Undirected,1329
3723,b,Undirected,2870
3724,b,Undirected,4421
3725,b,Undirected,1598
3726,b,Undirected,2191
3727,b,Undirected,3548
3728,b,Undirected,1858
3729,b,Undirected,2387
3730,b,Undirected,2350
3731,b,Undirected,2536
3732,b,Undirected,6973
3733,b,Undirected,2366
3734,b,Undirected,2279
3735,b,Undirected,1574
3736,b,Undirected,1356
3737,b,Undirected,1599
3738,b,Undirected,1575
3739,b,Undirected,1254
3740,b,Undirected,1386
3741,b,Undirected,1806
3742,b,Undirected,1874
3743,b,Undirected,1597
3744,b,Undirected,1318
3745,b,Undirected,1195
3746,b,Undirected,6439
3747,b,Undirected,4711
3748,b,Undirected,2196
3749,b,Undirected,1592
3750,b,Undirected,1860
3751,b,Undirected,1370
3752,b,Undirected,1286
3753,b,Undirected,2937
3754,b,Undirected,1388
3755,b,Undirected,1596
3756,b,Undirected,1742
3757,b,Undirected,1198
3758,b,Undirected,1390
3759,b,Undirected,1913
3760,b,Undirected,1267
3761,b,Undirected,1506
3762,b,Undirected,1372
3763,b,Undirected,1554
3764,b,Undirected,2889
3765,b,Undirected,1930
3766,b,Undirected,1308
3767,b,Undirected,2719
3768,b,Undirected,7308
3769,b,Undirected,2993
3770,b,Undirected,7700
3771,b,Undirected,1900
3772,b,Undirected,1858
3773,b,Undirected,3022
3774,b,Undirected,12320
3775,b,Undirected,2560
3776,b,Undirected,3229
3777,b,Undirected,2139
3778,b,Undirected,2065
3779,b,Undirected,3928
3780,b,Undirected,1499
3781,b,Undirected,1515
3782,b,Undirected,1639
3783,b,Undirected,3704
3784,b,Undirected,2418
3785,b,Undirected,1823
3786,b,Undirected,3595
3787,b,Undirected,2723
3788,b,Undirected,1580
3789,b,Undirected,1683
3790,b,Undirected,1693
3791,b,Undirected,1226
3792,b,Undirected,1737
3793,b,Undirected,4027
3794,b,Undirected,1847
3795,b,Undirected,1828
3796,b,Undirected,4146
3797,b,Undirected,3071
3798,b,Undirected,1984
3799,b,Undirected,3494
3800,b,Undirected,1888
3801,b,Undirected,1911
3802,b,Undirected,1437
3803,b,Undirected,2339
3804,b,Undirected,1882
3805,b,Undirected,1880
3806,b,Undirected,1221
3807,b,Undirected,3682
3808,b,Undirected,1574
3809,b,Undirected,4086
3810,b,Undirected,1713
3811,b,Undirected,3170
3812,b,Undirected,2109
3813,b,Undirected,1919
3814,b,Undirected,2236
3815,b,Undirected,1680
3816,b,Undirected,1707
3817,b,Undirected,1434
3818,b,Undirected,2099
3819,b,Undirected,3984
3820,b,Undirected,2129
3821,b,Undirected,4962
3822,b,Undirected,1839
3823,b,Undirected,1612
3824,b,Undirected,1421
3825,b,Undirected,1908
3826,b,Undirected,1705
3827,b,Undirected,1951
3828,b,Undirected,2534
3829,b,Undirected,1733
3830,b,Undirected,2096
3831,b,Undirected,1681
3832,b,Undirected,3204
3833,b,Undirected,6983
3834,b,Undirected,2830
3835,b,Undirected,2753
3836,b,Undirected,2700
3837,b,Undirected,2478
3838,b,Undirected,3061
3839,b,Undirected,7921
3840,b,Undirected,5502
3841,b,Undirected,2418
3842,b,Undirected,2348
3843,b,Undirected,1600
3844,b,Undirected,1210
3845,b,Undirected,881
3846,b,Undirected,902
3847,b,Undirected,995
3848,b,Undirected,826
3849,b,Undirected,3784
3850,b,Undirected,2035
3851,b,Undirected,2268
3852,b,Undirected,4508
3853,b,Undirected,2128
3854,b,Undirected,1961
3855,b,Undirected,4871
3856,b,Undirected,5100
3857,b,Undirected,3212
3858,b,Undirected,4287
3859,b,Undirected,3080
3860,b,Undirected,2286
3861,b,Undirected,3100
3862,b,Undirected,4467
3863,b,Undirected,10702
3864,b,Undirected,1744
3865,b,Undirected,2234
3866,b,Undirected,1315
3867,b,Undirected,2733
3868,b,Undirected,3544
3869,b,Undirected,5719
3870,b,Undirected,2771
3871,b,Undirected,2136
3872,b,Undirected,2169
3873,b,Undirected,1980
3874,b,Undirected,2318
3875,b,Undirected,3254
3876,b,Undirected,3481
3877,b,Undirected,1948
3878,b,Undirected,1949
3879,b,Undirected,2133
3880,b,Undirected,1798
3881,b,Undirected,1674
3882,b,Undirected,1781
3883,b,Undirected,4841
3884,b,Undirected,3131
3885,b,Undirected,2072
3886,b,Undirected,2183
3887,b,Undirected,1802
3888,b,Undirected,2160
3889,b,Undirected,2892
3890,b,Undirected,1679
3891,b,Undirected,1489
3892,b,Undirected,3330
3893,b,Undirected,3596
3894,b,Undirected,2952
3895,b,Undirected,2682
3896,b,Undirected,2657
3897,b,Undirected,3311
3898,b,Undirected,2258
3899,b,Undirected,4688
3900,b,Undirected,1817
3901,b,Undirected,1738
3902,b,Undirected,1530
3903,b,Undirected,1737
3904,b,Undirected,1353
3905,b,Undirected,964
3906,b,Undirected,1184
3907,b,Undirected,973
3908,b,Undirected,1284
3909,b,Undirected,1068
3910,b,Undirected,1006
3911,b,Undirected,1386
3912,b,Undirected,1415
3913,b,Undirected,4449
3914,b,Undirected,3760
3915,b,Undirected,2738
3916,b,Undirected,1677
3917,b,Undirected,2885
3918,b,Undirected,1492
3919,b,Undirected,1733
3920,b,Undirected,1641
3921,b,Undirected,4708
3922,b,Undirected,3631
3923,b,Undirected,6557
3924,b,Undirected,2435
3925,b,Undirected,14762
3926,b,Undirected,2047
3927,b,Undirected,2201
3928,b,Undirected,2596
3929,b,Undirected,2324
3930,b,Undirected,3595
3931,b,Undirected,1249
3932,b,Undirected,1863
3933,b,Undirected,2209
3934,b,Undirected,3386
3935,b,Undirected,3365
3936,b,Undirected,3838
3937,b,Undirected,1240
3938,b,Undirected,1128
3939,b,Undirected,999
3940,b,Undirected,799
3941,b,Undirected,2378
3942,b,Undirected,1904
3943,b,Undirected,1301
3944,b,Undirected,1426
3945,b,Undirected,1243
3946,b,Undirected,1259
3947,b,Undirected,1145
3948,b,Undirected,1461
3949,b,Undirected,1244
3950,b,Undirected,1234
3951,b,Undirected,1300
3952,b,Undirected,1210
3953,b,Undirected,1863
3954,b,Undirected,1161
3955,b,Undirected,1201
3956,b,Undirected,1250
3957,b,Undirected,1523
3958,b,Undirected,3107
3959,b,Undirected,5369
3960,b,Undirected,3707
3961,b,Undirected,2134
3962,b,Undirected,2612
3963,b,Undirected,13822
3964,b,Undirected,2374
3965,b,Undirected,2506
3966,b,Undirected,2003
3967,b,Undirected,2366
3968,b,Undirected,2421
3969,b,Undirected,3188
3970,b,Undirected,2063
3971,b,Undirected,1869
3972,b,Undirected,6210
3973,b,Undirected,7327
3974,b,Undirected,3329
3975,b,Undirected,8069
3976,b,Undirected,2505
3977,b,Undirected,1923
3978,b,Undirected,1455
3979,b,Undirected,1804
3980,b,Undirected,2049
3981,b,Undirected,1814
3982,b,Undirected,1920
3983,b,Undirected,4102
3984,b,Undirected,5130
3985,b,Undirected,1289
3986,b,Undirected,4356
3987,b,Undirected,1551
3988,b,Undirected,1566
3989,b,Undirected,3978
3990,b,Undirected,3080
3991,b,Undirected,4282
3992,b,Undirected,2380
3993,b,Undirected,12376
3994,b,Undirected,1347
3995,b,Undirected,2084
3996,b,Undirected,5231
3997,b,Undirected,3899
3998,b,Undirected,3222
3999,b,Undirected,7293
4000,b,Undirected,6489
4001,b,Undirected,6735
4002,b,Undirected,2384
4003,b,Undirected,2783
4004,b,Undirected,3384
4005,b,Undirected,3129
4006,b,Undirected,2755
4007,b,Undirected,2437
4008,b,Undirected,2684
4009,b,Undirected,2727
4010,b,Undirected,2088
4011,b,Undirected,1975
4012,b,Undirected,4008
4013,b,Undirected,2155
4014,b,Undirected,3421
4015,b,Undirected,2798
4016,b,Undirected,2310
4017,b,Undirected,3127
4018,b,Undirected,2080
4019,b,Undirected,3512
4020,b,Undirected,5693
4021,b,Undirected,1948
4022,b,Undirected,2136
4023,b,Undirected,2087
4024,b,Undirected,5599
4025,b,Undirected,3498
4026,b,Undirected,1880
4027,b,Undirected,2139
4028,b,Undirected,3854
4029,b,Undirected,3009
4030,b,Undirected,2304
4031,b,Undirected,3126
4032,b,Undirected,3581
4033,b,Undirected,3183
4034,b,Undirected,6567
4035,b,Undirected,6208
4036,b,Undirected,5236
4037,b,Undirected,5178
4038,b,Undirected,5939
4039,b,Undirected,12069
4040,b,Undirected,5226
4041,b,Undirected,3112
4042,b,Undirected,2303
4043,b,Undirected,4520
4044,b,Undirected,6517
4045,b,Undirected,6753
4046,b,Undirected,4692
4047,b,Undirected,2320
4048,b,Undirected,1703
4049,b,Undirected,2417
4050,b,Undirected,1869
4051,b,Undirected,4442
4052,b,Undirected,1438
4053,b,Undirected,5512
4054,b,Undirected,3485
4055,b,Undirected,4993
4056,b,Undirected,9621
4057,b,Undirected,6256
4058,b,Undirected,4052
4059,b,Undirected,6141
4060,b,Undirected,4238
4061,b,Undirected,2980
4062,b,Undirected,1801
4063,b,Undirected,2310
4064,b,Undirected,2152
4065,b,Undirected,2894
4066,b,Undirected,4969
4067,b,Undirected,3225
4068,b,Undirected,2057
4069,b,Undirected,2079
4070,b,Undirected,2996
4071,b,Undirected,4008
4072,b,Undirected,4479
4073,b,Undirected,3723
4074,b,Undirected,4575
4075,b,Undirected,2830
4076,b,Undirected,3674
4077,b,Undirected,1867
4078,b,Undirected,5612
4079,b,Undirected,2492
4080,b,Undirected,6254
4081,b,Undirected,3158
4082,b,Undirected,2113
4083,b,Undirected,2120
4084,b,Undirected,1911
4085,b,Undirected,2317
4086,b,Undirected,2632
4087,b,Undirected,1557
4088,b,Undirected,2701
4089,b,Undirected,3053
4090,b,Undirected,1502
4091,b,Undirected,16350
