Source,Target,Type,Weight
1,a,Undirected,13131
2,a,Undirected,10938
3,a,Undirected,11908
4,a,Undirected,14290
5,a,Undirected,17970
6,a,Undirected,13750
7,a,Undirected,15487
8,a,Undirected,8194
9,a,Undirected,13522
10,a,Undirected,17198
11,a,Undirected,10874
12,a,Undirected,18102
13,a,Undirected,12946
14,a,Undirected,15182
15,a,Undirected,17297
16,a,Undirected,20809
17,a,Undirected,22068
18,a,Undirected,32232
19,a,Undirected,11120
20,a,Undirected,16431
21,a,Undirected,52969
22,a,Undirected,12917
23,a,Undirected,9531
24,a,Undirected,9021
25,a,Undirected,15057
26,a,Undirected,16270
27,a,Undirected,54010
28,a,Undirected,9500
29,a,Undirected,13065
30,a,Undirected,11560
31,a,Undirected,13447
32,a,Undirected,20859
33,a,Undirected,33259
34,a,Undirected,17287
35,a,Undirected,15957
36,a,Undirected,9120
37,a,Undirected,7382
38,a,Undirected,8710
39,a,Undirected,29312
40,a,Undirected,38032
41,a,Undirected,24481
42,a,Undirected,13712
43,a,Undirected,17501
44,a,Undirected,33255
45,a,Undirected,26136
46,a,Undirected,17236
47,a,Undirected,32362
48,a,Undirected,17267
49,a,Undirected,28612
50,a,Undirected,34270
51,a,Undirected,18992
52,a,Undirected,28460
53,a,Undirected,18373
54,a,Undirected,16800
55,a,Undirected,26843
56,a,Undirected,40081
57,a,Undirected,11091
58,a,Undirected,19216
59,a,Undirected,11448
60,a,Undirected,10026
61,a,Undirected,12336
62,a,Undirected,16297
63,a,Undirected,49721
64,a,Undirected,17667
65,a,Undirected,18095
66,a,Undirected,13218
67,a,Undirected,24951
68,a,Undirected,11683
69,a,Undirected,21828
70,a,Undirected,59120
71,a,Undirected,15513
72,a,Undirected,13434
73,a,Undirected,17508
74,a,Undirected,15111
75,a,Undirected,18369
76,a,Undirected,13673
77,a,Undirected,20349
78,a,Undirected,15854
79,a,Undirected,13106
80,a,Undirected,14198
81,a,Undirected,30453
82,a,Undirected,19251
83,a,Undirected,18538
84,a,Undirected,15914
85,a,Undirected,17527
86,a,Undirected,9569
87,a,Undirected,16865
88,a,Undirected,19865
89,a,Undirected,29230
90,a,Undirected,50096
91,a,Undirected,19125
92,a,Undirected,15547
93,a,Undirected,22276
94,a,Undirected,26956
95,a,Undirected,26911
96,a,Undirected,108709
97,a,Undirected,59898
98,a,Undirected,33666
99,a,Undirected,30349
100,a,Undirected,28065
101,a,Undirected,19381
102,a,Undirected,59574
103,a,Undirected,122822
104,a,Undirected,53164
105,a,Undirected,79751
106,a,Undirected,47127
107,a,Undirected,129459
108,a,Undirected,39163
109,a,Undirected,18800
110,a,Undirected,13070
111,a,Undirected,23466
112,a,Undirected,17491
113,a,Undirected,28465
114,a,Undirected,37669
115,a,Undirected,17916
116,a,Undirected,19288
117,a,Undirected,15312
118,a,Undirected,12396
119,a,Undirected,14191
120,a,Undirected,17825
121,a,Undirected,16355
122,a,Undirected,14446
123,a,Undirected,37609
124,a,Undirected,27530
125,a,Undirected,13992
126,a,Undirected,24094
127,a,Undirected,22586
128,a,Undirected,69343
129,a,Undirected,21747
130,a,Undirected,25325
131,a,Undirected,82838
132,a,Undirected,17547
133,a,Undirected,26417
134,a,Undirected,32693
135,a,Undirected,24227
136,a,Undirected,18396
137,a,Undirected,22072
138,a,Undirected,27279
139,a,Undirected,45454
140,a,Undirected,68107
141,a,Undirected,61693
142,a,Undirected,41102
143,a,Undirected,60290
144,a,Undirected,32458
145,a,Undirected,39354
146,a,Undirected,46002
147,a,Undirected,65011
148,a,Undirected,22581
149,a,Undirected,59750
150,a,Undirected,101124
151,a,Undirected,24752
152,a,Undirected,23823
153,a,Undirected,34107
154,a,Undirected,30109
155,a,Undirected,60289
156,a,Undirected,68972
157,a,Undirected,48754
158,a,Undirected,26066
159,a,Undirected,29239
160,a,Undirected,56066
161,a,Undirected,30771
162,a,Undirected,42139
163,a,Undirected,82212
164,a,Undirected,36473
165,a,Undirected,62889
166,a,Undirected,24785
167,a,Undirected,20561
168,a,Undirected,24101
169,a,Undirected,62513
170,a,Undirected,35477
171,a,Undirected,19986
172,a,Undirected,69683
173,a,Undirected,3
174,a,Undirected,408
175,a,Undirected,67
176,a,Undirected,2
177,a,Undirected,17285
178,a,Undirected,54
179,a,Undirected,0
180,a,Undirected,2
181,a,Undirected,16973
182,a,Undirected,34144
183,a,Undirected,15893
184,a,Undirected,18248
185,a,Undirected,11567
186,a,Undirected,24166
187,a,Undirected,19379
188,a,Undirected,14342
189,a,Undirected,20953
190,a,Undirected,23115
191,a,Undirected,7714
192,a,Undirected,12504
193,a,Undirected,13345
194,a,Undirected,18277
195,a,Undirected,14136
196,a,Undirected,18635
197,a,Undirected,12593
198,a,Undirected,11069
199,a,Undirected,8656
200,a,Undirected,28055
201,a,Undirected,8103
202,a,Undirected,7933
203,a,Undirected,7268
204,a,Undirected,10247
205,a,Undirected,21942
206,a,Undirected,17941
207,a,Undirected,14352
208,a,Undirected,12032
209,a,Undirected,15797
210,a,Undirected,8889
211,a,Undirected,14422
212,a,Undirected,15828
213,a,Undirected,17058
214,a,Undirected,19126
215,a,Undirected,27087
216,a,Undirected,40065
217,a,Undirected,14259
218,a,Undirected,14192
219,a,Undirected,25849
220,a,Undirected,18751
221,a,Undirected,0
222,a,Undirected,0
223,a,Undirected,4
224,a,Undirected,0
225,a,Undirected,11
226,a,Undirected,233
227,a,Undirected,1
228,a,Undirected,10287
229,a,Undirected,30131
230,a,Undirected,159
231,a,Undirected,10077
232,a,Undirected,190
233,a,Undirected,4179
234,a,Undirected,1
235,a,Undirected,10
236,a,Undirected,11
237,a,Undirected,7669
238,a,Undirected,0
239,a,Undirected,82716
240,a,Undirected,3404
241,a,Undirected,42208
242,a,Undirected,1372
243,a,Undirected,0
244,a,Undirected,36
245,a,Undirected,128007
246,a,Undirected,36
247,a,Undirected,1
248,a,Undirected,687
249,a,Undirected,0
250,a,Undirected,0
251,a,Undirected,1
252,a,Undirected,1
253,a,Undirected,2641
254,a,Undirected,3
255,a,Undirected,2
256,a,Undirected,17
257,a,Undirected,6
258,a,Undirected,0
259,a,Undirected,0
260,a,Undirected,430
261,a,Undirected,13429
262,a,Undirected,18691
263,a,Undirected,9285
264,a,Undirected,9016
265,a,Undirected,11673
266,a,Undirected,10340
267,a,Undirected,7083
268,a,Undirected,8658
269,a,Undirected,9902
270,a,Undirected,16045
271,a,Undirected,8455
272,a,Undirected,12851
273,a,Undirected,18767
274,a,Undirected,15835
275,a,Undirected,13975
276,a,Undirected,9217
277,a,Undirected,12290
278,a,Undirected,17841
279,a,Undirected,19661
280,a,Undirected,20602
281,a,Undirected,0
282,a,Undirected,0
283,a,Undirected,4
284,a,Undirected,7
285,a,Undirected,49228
286,a,Undirected,11569
287,a,Undirected,0
288,a,Undirected,5843
289,a,Undirected,17346
290,a,Undirected,4718
291,a,Undirected,2082
292,a,Undirected,6176
293,a,Undirected,0
294,a,Undirected,10875
295,a,Undirected,158
296,a,Undirected,382
297,a,Undirected,0
298,a,Undirected,0
299,a,Undirected,0
300,a,Undirected,6169
301,a,Undirected,21010
302,a,Undirected,24248
303,a,Undirected,16582
304,a,Undirected,11016
305,a,Undirected,7566
306,a,Undirected,11625
307,a,Undirected,9923
308,a,Undirected,10207
309,a,Undirected,44155
310,a,Undirected,12992
311,a,Undirected,16477
312,a,Undirected,17755
313,a,Undirected,10239
314,a,Undirected,13728
315,a,Undirected,13261
316,a,Undirected,11064
317,a,Undirected,6949
318,a,Undirected,17658
319,a,Undirected,19486
320,a,Undirected,9451
321,a,Undirected,5
322,a,Undirected,7
323,a,Undirected,0
324,a,Undirected,324
325,a,Undirected,2
326,a,Undirected,2
327,a,Undirected,1
328,a,Undirected,1334
329,a,Undirected,2
330,a,Undirected,1198
331,a,Undirected,0
332,a,Undirected,8230
333,a,Undirected,6968
334,a,Undirected,144
335,a,Undirected,2193
336,a,Undirected,20260
337,a,Undirected,185
338,a,Undirected,0
339,a,Undirected,224
340,a,Undirected,30
341,a,Undirected,9381
342,a,Undirected,5981
343,a,Undirected,12948
344,a,Undirected,9683
345,a,Undirected,26302
346,a,Undirected,40855
347,a,Undirected,14884
348,a,Undirected,21945
349,a,Undirected,11179
350,a,Undirected,10879
351,a,Undirected,13163
352,a,Undirected,9257
353,a,Undirected,8230
354,a,Undirected,11039
355,a,Undirected,11764
356,a,Undirected,9946
357,a,Undirected,17682
358,a,Undirected,26490
359,a,Undirected,20456
360,a,Undirected,17012
361,a,Undirected,11384
362,a,Undirected,8871
363,a,Undirected,11431
364,a,Undirected,15676
365,a,Undirected,20866
366,a,Undirected,25362
367,a,Undirected,18135
368,a,Undirected,18815
369,a,Undirected,12337
370,a,Undirected,13370
371,a,Undirected,10043
372,a,Undirected,8410
373,a,Undirected,13580
374,a,Undirected,10529
375,a,Undirected,14802
376,a,Undirected,28914
377,a,Undirected,23281
378,a,Undirected,23918
379,a,Undirected,17775
380,a,Undirected,7809
381,a,Undirected,8175
382,a,Undirected,10581
383,a,Undirected,8717
384,a,Undirected,24560
385,a,Undirected,12019
386,a,Undirected,19095
387,a,Undirected,30857
388,a,Undirected,19684
389,a,Undirected,33949
390,a,Undirected,10492
391,a,Undirected,16844
392,a,Undirected,10162
393,a,Undirected,17647
394,a,Undirected,8082
395,a,Undirected,7388
396,a,Undirected,10533
397,a,Undirected,10707
398,a,Undirected,13446
399,a,Undirected,15301
400,a,Undirected,37722
401,a,Undirected,23679
402,a,Undirected,22178
403,a,Undirected,7832
404,a,Undirected,12616
405,a,Undirected,17362
406,a,Undirected,7699
407,a,Undirected,7652
408,a,Undirected,11658
409,a,Undirected,14126
410,a,Undirected,11746
411,a,Undirected,22113
412,a,Undirected,16012
413,a,Undirected,13135
414,a,Undirected,62820
415,a,Undirected,23583
416,a,Undirected,11242
417,a,Undirected,13235
418,a,Undirected,14372
419,a,Undirected,12320
420,a,Undirected,16709
421,a,Undirected,23932
422,a,Undirected,6142
423,a,Undirected,6798
424,a,Undirected,8872
425,a,Undirected,6982
426,a,Undirected,27563
427,a,Undirected,16052
428,a,Undirected,8549
429,a,Undirected,11027
430,a,Undirected,11595
431,a,Undirected,38629
432,a,Undirected,12056
433,a,Undirected,13641
434,a,Undirected,6216
435,a,Undirected,7896
436,a,Undirected,5659
437,a,Undirected,6930
438,a,Undirected,7344
439,a,Undirected,9248
440,a,Undirected,30679
441,b,Undirected,0
442,b,Undirected,0
443,b,Undirected,351
444,b,Undirected,2
445,b,Undirected,194
446,b,Undirected,126
447,b,Undirected,0
448,b,Undirected,26
449,b,Undirected,13489
450,b,Undirected,2
451,b,Undirected,2
452,b,Undirected,0
453,b,Undirected,3
454,b,Undirected,2
455,b,Undirected,1
456,b,Undirected,17
457,b,Undirected,0
458,b,Undirected,77
459,b,Undirected,0
460,b,Undirected,34
461,b,Undirected,8332
462,b,Undirected,14664
463,b,Undirected,6332
464,b,Undirected,19312
465,b,Undirected,10923
466,b,Undirected,9187
467,b,Undirected,5121
468,b,Undirected,14415
469,b,Undirected,12051
470,b,Undirected,16012
471,b,Undirected,12650
472,b,Undirected,15655
473,b,Undirected,28837
474,b,Undirected,39864
475,b,Undirected,19154
476,b,Undirected,12783
477,b,Undirected,18694
478,b,Undirected,11990
479,b,Undirected,8245
480,b,Undirected,14395
481,b,Undirected,9706
482,b,Undirected,16048
483,b,Undirected,13352
484,b,Undirected,5854
485,b,Undirected,10939
486,b,Undirected,6948
487,b,Undirected,13250
488,b,Undirected,8352
489,b,Undirected,7173
490,b,Undirected,5004
491,b,Undirected,6781
492,b,Undirected,6050
493,b,Undirected,10765
494,b,Undirected,5457
495,b,Undirected,7216
496,b,Undirected,31449
497,b,Undirected,10149
498,b,Undirected,6544
499,b,Undirected,4450
500,b,Undirected,6797
501,b,Undirected,7852
502,b,Undirected,9041
503,b,Undirected,16061
504,b,Undirected,12745
505,b,Undirected,7899
506,b,Undirected,7002
507,b,Undirected,7213
508,b,Undirected,9861
509,b,Undirected,16502
510,b,Undirected,16202
511,b,Undirected,9527
512,b,Undirected,5775
513,b,Undirected,24688
514,b,Undirected,11246
515,b,Undirected,18142
516,b,Undirected,13209
517,b,Undirected,8209
518,b,Undirected,7135
519,b,Undirected,6988
520,b,Undirected,18116
521,b,Undirected,7307
522,b,Undirected,19696
523,b,Undirected,17384
524,b,Undirected,9145
525,b,Undirected,19988
526,b,Undirected,9249
527,b,Undirected,13909
528,b,Undirected,11158
529,b,Undirected,17226
530,b,Undirected,29270
531,b,Undirected,22479
532,b,Undirected,9473
533,b,Undirected,5186
534,b,Undirected,29228
535,b,Undirected,11170
536,b,Undirected,11574
537,b,Undirected,41855
538,b,Undirected,14641
539,b,Undirected,8375
540,b,Undirected,14723
541,b,Undirected,8104
542,b,Undirected,7131
543,b,Undirected,14980
544,b,Undirected,15694
545,b,Undirected,19743
546,b,Undirected,19236
547,b,Undirected,33365
548,b,Undirected,24800
549,b,Undirected,31139
550,b,Undirected,11793
551,b,Undirected,28462
552,b,Undirected,13367
553,b,Undirected,10128
554,b,Undirected,10404
555,b,Undirected,16315
556,b,Undirected,20870
557,b,Undirected,27020
558,b,Undirected,67217
559,b,Undirected,50014
560,b,Undirected,92615
561,b,Undirected,33108
562,b,Undirected,37954
563,b,Undirected,30615
564,b,Undirected,16048
565,b,Undirected,13325
566,b,Undirected,26905
567,b,Undirected,14648
568,b,Undirected,24893
569,b,Undirected,6917
570,b,Undirected,9978
571,b,Undirected,12333
572,b,Undirected,42695
573,b,Undirected,9020
574,b,Undirected,7018
575,b,Undirected,5294
576,b,Undirected,26744
577,b,Undirected,12244
578,b,Undirected,11125
579,b,Undirected,12679
580,b,Undirected,32771
581,b,Undirected,10915
582,b,Undirected,42320
583,b,Undirected,9497
584,b,Undirected,19219
585,b,Undirected,22975
586,b,Undirected,40638
587,b,Undirected,10577
588,b,Undirected,12466
589,b,Undirected,16160
590,b,Undirected,9908
591,b,Undirected,8037
592,b,Undirected,6904
593,b,Undirected,9757
594,b,Undirected,10663
595,b,Undirected,28008
596,b,Undirected,16411
597,b,Undirected,9972
598,b,Undirected,30993
599,b,Undirected,14836
600,b,Undirected,6445
601,b,Undirected,6035
602,b,Undirected,19267
603,b,Undirected,7233
604,b,Undirected,8409
605,b,Undirected,7371
606,b,Undirected,6974
607,b,Undirected,8613
608,b,Undirected,9836
609,b,Undirected,18425
610,b,Undirected,9315
611,b,Undirected,6008
612,b,Undirected,8807
613,b,Undirected,6107
614,b,Undirected,6619
615,b,Undirected,18505
616,b,Undirected,7997
617,b,Undirected,3718
618,b,Undirected,3324
619,b,Undirected,6018
620,b,Undirected,10506
621,b,Undirected,4151
622,b,Undirected,21776
623,b,Undirected,11839
624,b,Undirected,4879
625,b,Undirected,13917
626,b,Undirected,41586
627,b,Undirected,28974
628,b,Undirected,10858
629,b,Undirected,15477
630,b,Undirected,44251
631,b,Undirected,9917
632,b,Undirected,5910
633,b,Undirected,21635
634,b,Undirected,5654
635,b,Undirected,6696
636,b,Undirected,5216
637,b,Undirected,7277
638,b,Undirected,6433
639,b,Undirected,6539
640,b,Undirected,7603
641,b,Undirected,4847
642,b,Undirected,8489
643,b,Undirected,8463
644,b,Undirected,4882
645,b,Undirected,8700
646,b,Undirected,4520
647,b,Undirected,8819
648,b,Undirected,11236
649,b,Undirected,9284
650,b,Undirected,17181
651,b,Undirected,7319
652,b,Undirected,8962
653,b,Undirected,10476
654,b,Undirected,3972
655,b,Undirected,5086
656,b,Undirected,5276
657,b,Undirected,7024
658,b,Undirected,16652
659,b,Undirected,4207
660,b,Undirected,6473
661,b,Undirected,6519
662,b,Undirected,5789
663,b,Undirected,6055
664,b,Undirected,9341
665,b,Undirected,18702
666,b,Undirected,11073
667,b,Undirected,20383
668,b,Undirected,10757
669,b,Undirected,25407
670,b,Undirected,10892
671,b,Undirected,23990
672,b,Undirected,11487
673,b,Undirected,21951
674,b,Undirected,10646
675,b,Undirected,6058
676,b,Undirected,13432
677,b,Undirected,8205
678,b,Undirected,5523
679,b,Undirected,8862
680,b,Undirected,10409
681,b,Undirected,12014
682,b,Undirected,35561
683,b,Undirected,14899
684,b,Undirected,3949
685,b,Undirected,4216
686,b,Undirected,8510
687,b,Undirected,6140
688,b,Undirected,8388
689,b,Undirected,4529
690,b,Undirected,4362
691,b,Undirected,4341
692,b,Undirected,3539
693,b,Undirected,5854
694,b,Undirected,3124
695,b,Undirected,2044
696,b,Undirected,4161
697,b,Undirected,11801
698,b,Undirected,8393
699,b,Undirected,9029
700,b,Undirected,16604
701,b,Undirected,4325
702,b,Undirected,5550
703,b,Undirected,13381
704,b,Undirected,7628
705,b,Undirected,7847
706,b,Undirected,7631
707,b,Undirected,4879
708,b,Undirected,17081
709,b,Undirected,5390
710,b,Undirected,12660
711,b,Undirected,13038
712,b,Undirected,4998
713,b,Undirected,10559
714,b,Undirected,7767
715,b,Undirected,5214
716,b,Undirected,22644
717,b,Undirected,19590
718,b,Undirected,3841
719,b,Undirected,3351
720,b,Undirected,3390
721,b,Undirected,3428
722,b,Undirected,17421
723,b,Undirected,5442
724,b,Undirected,4467
725,b,Undirected,5516
726,b,Undirected,6725
727,b,Undirected,4802
728,b,Undirected,32043
729,b,Undirected,12219
730,b,Undirected,6007
731,b,Undirected,5842
732,b,Undirected,11838
733,b,Undirected,9878
734,b,Undirected,6203
735,b,Undirected,6240
736,b,Undirected,6500
737,b,Undirected,4645
738,b,Undirected,4450
739,b,Undirected,3443
740,b,Undirected,4422
741,b,Undirected,12188
742,b,Undirected,4623
743,b,Undirected,6555
744,b,Undirected,7549
745,b,Undirected,4503
746,b,Undirected,14983
747,b,Undirected,6780
748,b,Undirected,7871
749,b,Undirected,5929
750,b,Undirected,10933
751,b,Undirected,6693
752,b,Undirected,10156
753,b,Undirected,4183
754,b,Undirected,31235
755,b,Undirected,8216
756,b,Undirected,6561
757,b,Undirected,6672
758,b,Undirected,4399
759,b,Undirected,3622
760,b,Undirected,7373
761,b,Undirected,23356
762,b,Undirected,9877
763,b,Undirected,14444
764,b,Undirected,9205
765,b,Undirected,9167
766,b,Undirected,9038
767,b,Undirected,4228
768,b,Undirected,4894
769,b,Undirected,4821
770,b,Undirected,5899
771,b,Undirected,5772
772,b,Undirected,32440
773,b,Undirected,10176
774,b,Undirected,33604
775,b,Undirected,17422
776,b,Undirected,6722
777,b,Undirected,6256
778,b,Undirected,6604
779,b,Undirected,11962
780,b,Undirected,20202
781,b,Undirected,22368
782,b,Undirected,7926
783,b,Undirected,7132
784,b,Undirected,4062
785,b,Undirected,4608
786,b,Undirected,4968
787,b,Undirected,27067
788,b,Undirected,37688
789,b,Undirected,7521
790,b,Undirected,7176
791,b,Undirected,10664
792,b,Undirected,6840
793,b,Undirected,6592
794,b,Undirected,6092
795,b,Undirected,11237
796,b,Undirected,4509
797,b,Undirected,4255
798,b,Undirected,10829
799,b,Undirected,33659
800,b,Undirected,7222
801,b,Undirected,15626
802,b,Undirected,9559
803,b,Undirected,10424
804,b,Undirected,10504
805,b,Undirected,13853
806,b,Undirected,17423
807,b,Undirected,36350
808,b,Undirected,14555
809,b,Undirected,12171
810,b,Undirected,5734
811,b,Undirected,17187
812,b,Undirected,5277
813,b,Undirected,5590
814,b,Undirected,6425
815,b,Undirected,5055
816,b,Undirected,7863
817,b,Undirected,4982
818,b,Undirected,10306
819,b,Undirected,8471
820,b,Undirected,6393
821,b,Undirected,5538
822,b,Undirected,10498
823,b,Undirected,9009
824,b,Undirected,6002
825,b,Undirected,5610
826,b,Undirected,11474
827,b,Undirected,16468
828,b,Undirected,17997
829,b,Undirected,9318
830,b,Undirected,8508
831,b,Undirected,7016
832,b,Undirected,6162
833,b,Undirected,6497
834,b,Undirected,4877
835,b,Undirected,4509
836,b,Undirected,4720
837,b,Undirected,12587
838,b,Undirected,12191
839,b,Undirected,6490
840,b,Undirected,19953
841,b,Undirected,5623
842,b,Undirected,4633
843,b,Undirected,5059
844,b,Undirected,6630
845,b,Undirected,4436
846,b,Undirected,6641
847,b,Undirected,4567
848,b,Undirected,4324
849,b,Undirected,9055
850,b,Undirected,11863
851,b,Undirected,7945
852,b,Undirected,11975
853,b,Undirected,7191
854,b,Undirected,8758
855,b,Undirected,12047
856,b,Undirected,6465
857,b,Undirected,13104
858,b,Undirected,11095
859,b,Undirected,6499
860,b,Undirected,18386
861,b,Undirected,12395
862,b,Undirected,4643
863,b,Undirected,4279
864,b,Undirected,3933
865,b,Undirected,3628
866,b,Undirected,4361
867,b,Undirected,5274
868,b,Undirected,7070
869,b,Undirected,5515
870,b,Undirected,5667
871,b,Undirected,13130
872,b,Undirected,28143
873,b,Undirected,5992
874,b,Undirected,5493
875,b,Undirected,5152
876,b,Undirected,4179
877,b,Undirected,8393
878,b,Undirected,8059
879,b,Undirected,4872
880,b,Undirected,12219
881,b,Undirected,38240
882,b,Undirected,13382
883,b,Undirected,13126
884,b,Undirected,9114
885,b,Undirected,7051
886,b,Undirected,12739
887,b,Undirected,34787
888,b,Undirected,17785
889,b,Undirected,14426
890,b,Undirected,6806
891,b,Undirected,7121
892,b,Undirected,7279
893,b,Undirected,6513
894,b,Undirected,10156
895,b,Undirected,10027
896,b,Undirected,4263
897,b,Undirected,15639
898,b,Undirected,10510
899,b,Undirected,21698
900,b,Undirected,14780
901,b,Undirected,20606
902,b,Undirected,20897
903,b,Undirected,7496
904,b,Undirected,3700
905,b,Undirected,4298
906,b,Undirected,7507
907,b,Undirected,6609
908,b,Undirected,12648
909,b,Undirected,34004
910,b,Undirected,12063
911,b,Undirected,19947
912,b,Undirected,14927
913,b,Undirected,8430
914,b,Undirected,7769
915,b,Undirected,12161
916,b,Undirected,14514
917,b,Undirected,21030
918,b,Undirected,15400
919,b,Undirected,9913
920,b,Undirected,11086
921,b,Undirected,7391
922,b,Undirected,4704
923,b,Undirected,6144
924,b,Undirected,17769
925,b,Undirected,10894
926,b,Undirected,13777
927,b,Undirected,6879
928,b,Undirected,9006
929,b,Undirected,10220
930,b,Undirected,12733
931,b,Undirected,21892
932,b,Undirected,8937
933,b,Undirected,36726
934,b,Undirected,13926
935,b,Undirected,33647
936,b,Undirected,29361
937,b,Undirected,15985
938,b,Undirected,24474
939,b,Undirected,16518
940,b,Undirected,20197
941,b,Undirected,35634
942,b,Undirected,20553
943,b,Undirected,11833
944,b,Undirected,11524
945,b,Undirected,45417
946,b,Undirected,21500
947,b,Undirected,28853
948,b,Undirected,58218
949,b,Undirected,29346
950,b,Undirected,22786
951,b,Undirected,6554
952,b,Undirected,4163
953,b,Undirected,5396
954,b,Undirected,7579
955,b,Undirected,12985
956,b,Undirected,11781
957,b,Undirected,5694
958,b,Undirected,8699
959,b,Undirected,16479
960,b,Undirected,8889
961,b,Undirected,11744
962,b,Undirected,5257
963,b,Undirected,3541
964,b,Undirected,3812
965,b,Undirected,5115
966,b,Undirected,44184
967,b,Undirected,14542
968,b,Undirected,11417
969,b,Undirected,17476
970,b,Undirected,12376
971,b,Undirected,17842
972,b,Undirected,43487
973,b,Undirected,6901
974,b,Undirected,9817
975,b,Undirected,7150
976,b,Undirected,5071
977,b,Undirected,4338
978,b,Undirected,4130
979,b,Undirected,4135
980,b,Undirected,6527
981,b,Undirected,7583
982,b,Undirected,5036
983,b,Undirected,10275
984,b,Undirected,6533
985,b,Undirected,10598
986,b,Undirected,8523
987,b,Undirected,8809
988,b,Undirected,7358
989,b,Undirected,5762
990,b,Undirected,7086
991,b,Undirected,6178
992,b,Undirected,5384
993,b,Undirected,7248
994,b,Undirected,8975
995,b,Undirected,5093
996,b,Undirected,5821
997,b,Undirected,5531
998,b,Undirected,16209
999,b,Undirected,7404
1000,b,Undirected,10524
1001,b,Undirected,14229
1002,b,Undirected,4711
1003,b,Undirected,4827
1004,b,Undirected,1656
1005,b,Undirected,4993
1006,b,Undirected,23893
1007,b,Undirected,7207
1008,b,Undirected,15326
1009,b,Undirected,16771
1010,b,Undirected,10850
1011,b,Undirected,3520
1012,b,Undirected,3643
1013,b,Undirected,7408
1014,b,Undirected,9335
1015,b,Undirected,4885
1016,b,Undirected,14468
1017,b,Undirected,4222
1018,b,Undirected,4990
1019,b,Undirected,11664
1020,b,Undirected,13990
1021,b,Undirected,4919
1022,b,Undirected,1853
1023,b,Undirected,3594
1024,b,Undirected,1953
1025,b,Undirected,2652
1026,b,Undirected,1502
1027,b,Undirected,2878
1028,b,Undirected,5929
1029,b,Undirected,9263
1030,b,Undirected,7828
1031,b,Undirected,5818
1032,b,Undirected,10946
1033,b,Undirected,5940
1034,b,Undirected,20202
1035,b,Undirected,5534
1036,b,Undirected,19426
1037,b,Undirected,11951
1038,b,Undirected,12491
1039,b,Undirected,36052
1040,b,Undirected,30499
1041,b,Undirected,5843
1042,b,Undirected,52385
1043,b,Undirected,6536
1044,b,Undirected,4883
1045,b,Undirected,4282
1046,b,Undirected,2188
1047,b,Undirected,3886
1048,b,Undirected,3829
1049,b,Undirected,2003
1050,b,Undirected,3762
1051,b,Undirected,7527
1052,b,Undirected,4649
1053,b,Undirected,11627
1054,b,Undirected,6990
1055,b,Undirected,5969
1056,b,Undirected,7686
1057,b,Undirected,8339
1058,b,Undirected,7274
1059,b,Undirected,7281
1060,b,Undirected,6957
1061,b,Undirected,6420
1062,b,Undirected,5842
1063,b,Undirected,4994
1064,b,Undirected,12712
1065,b,Undirected,18686
1066,b,Undirected,8670
1067,b,Undirected,32413
1068,b,Undirected,4241
1069,b,Undirected,10151
1070,b,Undirected,5361
1071,b,Undirected,5723
1072,b,Undirected,5297
1073,b,Undirected,6033
1074,b,Undirected,10599
1075,b,Undirected,9095
1076,b,Undirected,12244
1077,b,Undirected,11792
1078,b,Undirected,8790
1079,b,Undirected,10844
1080,b,Undirected,1609
1081,b,Undirected,3811
1082,b,Undirected,2909
1083,b,Undirected,3013
1084,b,Undirected,1020
1085,b,Undirected,4805
1086,b,Undirected,2305
1087,b,Undirected,4037
1088,b,Undirected,14882
1089,b,Undirected,16323
1090,b,Undirected,7550
1091,b,Undirected,5425
1092,b,Undirected,5324
1093,b,Undirected,12665
1094,b,Undirected,3695
1095,b,Undirected,3839
1096,b,Undirected,4479
1097,b,Undirected,7502
1098,b,Undirected,15371
1099,b,Undirected,13777
1100,b,Undirected,3028
1101,b,Undirected,7037
1102,b,Undirected,2421
1103,b,Undirected,4212
1104,b,Undirected,6139
1105,b,Undirected,15192
1106,b,Undirected,8840
1107,b,Undirected,10499
1108,b,Undirected,6826
1109,b,Undirected,6851
1110,b,Undirected,6083
1111,b,Undirected,5021
1112,b,Undirected,1873
1113,b,Undirected,2044
1114,b,Undirected,3585
1115,b,Undirected,3458
1116,b,Undirected,1740
1117,b,Undirected,2021
1118,b,Undirected,3141
1119,b,Undirected,27875
1120,b,Undirected,13924
1121,b,Undirected,24466
1122,b,Undirected,10368
1123,b,Undirected,5705
1124,b,Undirected,2580
1125,b,Undirected,2493
1126,b,Undirected,4288
1127,b,Undirected,1576
1128,b,Undirected,3668
1129,b,Undirected,1828
1130,b,Undirected,1914
1131,b,Undirected,3130
1132,b,Undirected,1384
1133,b,Undirected,3040
1134,b,Undirected,24307
1135,b,Undirected,14249
1136,b,Undirected,8473
1137,b,Undirected,10396
1138,b,Undirected,3951
1139,b,Undirected,3596
1140,b,Undirected,5230
1141,b,Undirected,3311
1142,b,Undirected,1949
1143,b,Undirected,3997
1144,b,Undirected,5575
1145,b,Undirected,32336
1146,b,Undirected,25981
1147,b,Undirected,2616
1148,b,Undirected,2199
1149,b,Undirected,3864
1150,b,Undirected,1945
1151,b,Undirected,3207
1152,b,Undirected,1465
1153,b,Undirected,3006
1154,b,Undirected,3644
1155,b,Undirected,4277
1156,b,Undirected,3890
1157,b,Undirected,3406
1158,b,Undirected,3881
1159,b,Undirected,3614
1160,b,Undirected,3097
1161,b,Undirected,3304
1162,b,Undirected,4144
1163,b,Undirected,3017
1164,b,Undirected,3159
1165,b,Undirected,3620
1166,b,Undirected,3804
1167,b,Undirected,3835
1168,b,Undirected,4754
1169,b,Undirected,3918
1170,b,Undirected,3382
1171,b,Undirected,3420
1172,b,Undirected,2994
1173,b,Undirected,3496
1174,b,Undirected,4126
1175,b,Undirected,4121
1176,b,Undirected,2810
1177,b,Undirected,3013
1178,b,Undirected,3422
1179,b,Undirected,2748
1180,b,Undirected,3394
1181,b,Undirected,3020
1182,b,Undirected,2875
1183,b,Undirected,3254
1184,b,Undirected,5957
1185,b,Undirected,8238
1186,b,Undirected,17966
1187,b,Undirected,5800
1188,b,Undirected,6479
1189,b,Undirected,6138
1190,b,Undirected,9697
1191,b,Undirected,6352
1192,b,Undirected,5683
1193,b,Undirected,3692
1194,b,Undirected,9067
1195,b,Undirected,15884
1196,b,Undirected,14251
1197,b,Undirected,16201
1198,b,Undirected,19112
1199,b,Undirected,5771
1200,b,Undirected,8907
1201,b,Undirected,8858
1202,b,Undirected,2008
1203,b,Undirected,1987
1204,b,Undirected,4021
1205,b,Undirected,5801
1206,b,Undirected,5282
1207,b,Undirected,1193
1208,b,Undirected,7522
1209,b,Undirected,1969
1210,b,Undirected,1968
1211,b,Undirected,3316
1212,b,Undirected,1656
1213,b,Undirected,2733
1214,b,Undirected,1556
1215,b,Undirected,3723
1216,b,Undirected,7518
1217,b,Undirected,12421
1218,b,Undirected,30440
1219,b,Undirected,9052
1220,b,Undirected,6889
1221,b,Undirected,8418
1222,b,Undirected,1995
1223,b,Undirected,3277
1224,b,Undirected,1314
1225,b,Undirected,1393
1226,b,Undirected,1060
1227,b,Undirected,3389
1228,b,Undirected,1666
1229,b,Undirected,1759
1230,b,Undirected,857
1231,b,Undirected,2735
1232,b,Undirected,1347
1233,b,Undirected,1390
1234,b,Undirected,2961
1235,b,Undirected,9090
1236,b,Undirected,4494
1237,b,Undirected,4069
1238,b,Undirected,5777
1239,b,Undirected,4975
1240,b,Undirected,7976
1241,b,Undirected,4845
1242,b,Undirected,5315
1243,b,Undirected,7078
1244,b,Undirected,5339
1245,b,Undirected,10073
1246,b,Undirected,12059
1247,b,Undirected,31448
1248,b,Undirected,2194
1249,b,Undirected,1930
1250,b,Undirected,1112
1251,b,Undirected,6876
1252,b,Undirected,5026
1253,b,Undirected,2231
1254,b,Undirected,3472
1255,b,Undirected,75
1256,b,Undirected,3671
1257,b,Undirected,1762
1258,b,Undirected,3914
1259,b,Undirected,1680
1260,b,Undirected,2998
1261,b,Undirected,12354
1262,b,Undirected,17194
1263,b,Undirected,6801
1264,b,Undirected,9911
1265,b,Undirected,7911
1266,b,Undirected,14654
1267,b,Undirected,4444
1268,b,Undirected,5729
1269,b,Undirected,6196
1270,b,Undirected,2310
1271,b,Undirected,5094
1272,b,Undirected,1803
1273,b,Undirected,3302
1274,b,Undirected,1760
1275,b,Undirected,2914
1276,b,Undirected,1845
1277,b,Undirected,1904
1278,b,Undirected,3462
1279,b,Undirected,2130
1280,b,Undirected,2222
1281,b,Undirected,3979
1282,b,Undirected,8071
1283,b,Undirected,5566
1284,b,Undirected,29949
1285,b,Undirected,4478
1286,b,Undirected,18956
1287,b,Undirected,16715
1288,b,Undirected,13683
1289,b,Undirected,6456
1290,b,Undirected,4402
1291,b,Undirected,4854
1292,b,Undirected,4812
1293,b,Undirected,4701
1294,b,Undirected,4820
1295,b,Undirected,3935
1296,b,Undirected,3812
1297,b,Undirected,3151
1298,b,Undirected,3065
1299,b,Undirected,5787
1300,b,Undirected,3697
1301,b,Undirected,3279
1302,b,Undirected,3499
1303,b,Undirected,3992
1304,b,Undirected,4313
1305,b,Undirected,3199
1306,b,Undirected,2822
1307,b,Undirected,3400
1308,b,Undirected,3017
1309,b,Undirected,3246
1310,b,Undirected,3076
1311,b,Undirected,3154
1312,b,Undirected,2749
1313,b,Undirected,3339
1314,b,Undirected,3227
1315,b,Undirected,3681
1316,b,Undirected,2784
1317,b,Undirected,3689
1318,b,Undirected,3631
1319,b,Undirected,3305
1320,b,Undirected,4612
1321,b,Undirected,3487
1322,b,Undirected,5205
1323,b,Undirected,3840
1324,b,Undirected,3924
1325,b,Undirected,3906
1326,b,Undirected,3797
1327,b,Undirected,3881
1328,b,Undirected,5193
1329,b,Undirected,3754
1330,b,Undirected,4011
1331,b,Undirected,3181
1332,b,Undirected,5926
1333,b,Undirected,4802
1334,b,Undirected,4579
1335,b,Undirected,3955
1336,b,Undirected,4414
1337,b,Undirected,3459
1338,b,Undirected,3459
1339,b,Undirected,3144
1340,b,Undirected,3862
1341,b,Undirected,3469
1342,b,Undirected,3113
1343,b,Undirected,10009
1344,b,Undirected,1647
1345,b,Undirected,5183
1346,b,Undirected,3210
1347,b,Undirected,3587
1348,b,Undirected,1750
1349,b,Undirected,2990
1350,b,Undirected,2616
1351,b,Undirected,2692
1352,b,Undirected,4293
1353,b,Undirected,14120
1354,b,Undirected,19018
1355,b,Undirected,4647
1356,b,Undirected,2869
1357,b,Undirected,4843
1358,b,Undirected,2100
1359,b,Undirected,2074
1360,b,Undirected,3397
1361,b,Undirected,1806
1362,b,Undirected,2321
1363,b,Undirected,4292
1364,b,Undirected,1769
1365,b,Undirected,1861
1366,b,Undirected,2836
1367,b,Undirected,1466
1368,b,Undirected,3810
1369,b,Undirected,1823
1370,b,Undirected,1882
1371,b,Undirected,3025
1372,b,Undirected,3955
1373,b,Undirected,1490
1374,b,Undirected,3697
1375,b,Undirected,1685
1376,b,Undirected,1745
1377,b,Undirected,3641
1378,b,Undirected,2370
1379,b,Undirected,4761
1380,b,Undirected,27403
1381,b,Undirected,7378
1382,b,Undirected,8962
1383,b,Undirected,15851
1384,b,Undirected,27251
1385,b,Undirected,15504
1386,b,Undirected,16989
1387,b,Undirected,22660
1388,b,Undirected,15234
1389,b,Undirected,16266
1390,b,Undirected,8891
1391,b,Undirected,10123
1392,b,Undirected,15230
1393,b,Undirected,12858
1394,b,Undirected,19316
1395,b,Undirected,9262
1396,b,Undirected,21240
1397,b,Undirected,9697
1398,b,Undirected,37517
1399,b,Undirected,12555
1400,b,Undirected,10477
1401,b,Undirected,18621
1402,b,Undirected,8761
1403,b,Undirected,5889
1404,b,Undirected,9888
1405,b,Undirected,6999
1406,b,Undirected,10132
1407,b,Undirected,9746
1408,b,Undirected,7065
1409,b,Undirected,18638
1410,b,Undirected,71141
1411,b,Undirected,9725
1412,b,Undirected,9136
1413,b,Undirected,8052
1414,b,Undirected,7683
1415,b,Undirected,10133
1416,b,Undirected,4896
1417,b,Undirected,4343
1418,b,Undirected,16494
1419,b,Undirected,21663
1420,b,Undirected,16019
1421,b,Undirected,32329
1422,b,Undirected,10872
1423,b,Undirected,7494
1424,b,Undirected,8356
1425,b,Undirected,6811
1426,b,Undirected,12638
1427,b,Undirected,7868
1428,b,Undirected,11701
1429,b,Undirected,8539
1430,b,Undirected,7297
1431,b,Undirected,17735
1432,b,Undirected,11782
1433,b,Undirected,7326
1434,b,Undirected,6089
1435,b,Undirected,16994
1436,b,Undirected,7473
1437,b,Undirected,5411
1438,b,Undirected,4928
1439,b,Undirected,9002
1440,b,Undirected,18442
1441,b,Undirected,10376
1442,b,Undirected,11256
1443,b,Undirected,8922
1444,b,Undirected,10381
1445,b,Undirected,6328
1446,b,Undirected,5476
1447,b,Undirected,12446
1448,b,Undirected,8156
1449,b,Undirected,27332
1450,b,Undirected,19736
1451,b,Undirected,9139
1452,b,Undirected,17687
1453,b,Undirected,7765
1454,b,Undirected,4392
1455,b,Undirected,6778
1456,b,Undirected,8589
1457,b,Undirected,3955
1458,b,Undirected,3668
1459,b,Undirected,11874
1460,b,Undirected,18306
1461,b,Undirected,10287
1462,b,Undirected,7082
1463,b,Undirected,10243
1464,b,Undirected,23651
1465,b,Undirected,4698
1466,b,Undirected,4113
1467,b,Undirected,3139
1468,b,Undirected,3587
1469,b,Undirected,3897
1470,b,Undirected,20683
1471,b,Undirected,4759
1472,b,Undirected,7440
1473,b,Undirected,8348
1474,b,Undirected,8089
1475,b,Undirected,5574
1476,b,Undirected,4740
1477,b,Undirected,3950
1478,b,Undirected,3532
1479,b,Undirected,4174
1480,b,Undirected,12436
1481,b,Undirected,6145
1482,b,Undirected,5044
1483,b,Undirected,6247
1484,b,Undirected,4327
1485,b,Undirected,5865
1486,b,Undirected,5281
1487,b,Undirected,2844
1488,b,Undirected,5002
1489,b,Undirected,4090
1490,b,Undirected,2635
1491,b,Undirected,10052
1492,b,Undirected,10645
1493,b,Undirected,7334
1494,b,Undirected,12537
1495,b,Undirected,3130
1496,b,Undirected,3750
1497,b,Undirected,6492
1498,b,Undirected,5734
1499,b,Undirected,8786
1500,b,Undirected,4744
1501,b,Undirected,4963
1502,b,Undirected,3954
1503,b,Undirected,21563
1504,b,Undirected,7664
1505,b,Undirected,19651
1506,b,Undirected,7349
1507,b,Undirected,15021
1508,b,Undirected,5861
1509,b,Undirected,28652
1510,b,Undirected,20550
1511,b,Undirected,9498
1512,b,Undirected,17995
1513,b,Undirected,8112
1514,b,Undirected,31336
1515,b,Undirected,15214
1516,b,Undirected,11731
1517,b,Undirected,11897
1518,b,Undirected,10025
1519,b,Undirected,5594
1520,b,Undirected,13043
1521,b,Undirected,7760
1522,b,Undirected,5487
1523,b,Undirected,5685
1524,b,Undirected,9658
1525,b,Undirected,3867
1526,b,Undirected,7629
1527,b,Undirected,6056
1528,b,Undirected,4907
1529,b,Undirected,6035
1530,b,Undirected,9210
1531,b,Undirected,5306
1532,b,Undirected,6680
1533,b,Undirected,8229
1534,b,Undirected,4073
1535,b,Undirected,6270
1536,b,Undirected,6469
1537,b,Undirected,6024
1538,b,Undirected,4746
1539,b,Undirected,4832
1540,b,Undirected,11359
1541,b,Undirected,4653
1542,b,Undirected,9297
1543,b,Undirected,7785
1544,b,Undirected,11651
1545,b,Undirected,15759
1546,b,Undirected,10961
1547,b,Undirected,8708
1548,b,Undirected,5099
1549,b,Undirected,9583
1550,b,Undirected,5721
1551,b,Undirected,26917
1552,b,Undirected,37598
1553,b,Undirected,11742
1554,b,Undirected,8729
1555,b,Undirected,6693
1556,b,Undirected,11674
1557,b,Undirected,9987
1558,b,Undirected,37669
1559,b,Undirected,10598
1560,b,Undirected,13643
1561,b,Undirected,41661
1562,b,Undirected,10758
1563,b,Undirected,14901
1564,b,Undirected,17258
1565,b,Undirected,7648
1566,b,Undirected,24399
1567,b,Undirected,16736
1568,b,Undirected,28708
1569,b,Undirected,8999
1570,b,Undirected,10651
1571,b,Undirected,7418
1572,b,Undirected,7903
1573,b,Undirected,6213
1574,b,Undirected,9736
1575,b,Undirected,11674
1576,b,Undirected,14161
1577,b,Undirected,5865
1578,b,Undirected,4099
1579,b,Undirected,4815
1580,b,Undirected,16186
1581,b,Undirected,11115
1582,b,Undirected,23856
1583,b,Undirected,36406
1584,b,Undirected,19207
1585,b,Undirected,8360
1586,b,Undirected,9907
1587,b,Undirected,11066
1588,b,Undirected,16064
1589,b,Undirected,14303
1590,b,Undirected,44072
1591,b,Undirected,8880
1592,b,Undirected,18290
1593,b,Undirected,8085
1594,b,Undirected,6421
1595,b,Undirected,6967
1596,b,Undirected,6034
1597,b,Undirected,5462
1598,b,Undirected,9299
1599,b,Undirected,6903
1600,b,Undirected,5451
1601,b,Undirected,15386
1602,b,Undirected,10497
1603,b,Undirected,11875
1604,b,Undirected,10576
1605,b,Undirected,5276
1606,b,Undirected,3860
1607,b,Undirected,20380
1608,b,Undirected,10955
1609,b,Undirected,4675
1610,b,Undirected,4449
1611,b,Undirected,5648
1612,b,Undirected,5106
1613,b,Undirected,5684
1614,b,Undirected,8133
1615,b,Undirected,13702
1616,b,Undirected,9099
1617,b,Undirected,12872
1618,b,Undirected,41709
1619,b,Undirected,6255
1620,b,Undirected,5141
1621,b,Undirected,5374
1622,b,Undirected,8657
1623,b,Undirected,3418
1624,b,Undirected,5127
1625,b,Undirected,3250
1626,b,Undirected,3023
1627,b,Undirected,3158
1628,b,Undirected,11500
1629,b,Undirected,8329
1630,b,Undirected,5539
1631,b,Undirected,6935
1632,b,Undirected,4958
1633,b,Undirected,12081
1634,b,Undirected,3580
1635,b,Undirected,3752
1636,b,Undirected,19762
1637,b,Undirected,8465
1638,b,Undirected,7575
1639,b,Undirected,6405
1640,b,Undirected,7146
1641,b,Undirected,6608
1642,b,Undirected,5552
1643,b,Undirected,16138
1644,b,Undirected,6657
1645,b,Undirected,10387
1646,b,Undirected,6940
1647,b,Undirected,4463
1648,b,Undirected,11872
1649,b,Undirected,13972
1650,b,Undirected,15746
1651,b,Undirected,8018
1652,b,Undirected,3898
1653,b,Undirected,6369
1654,b,Undirected,3892
1655,b,Undirected,5458
1656,b,Undirected,3751
1657,b,Undirected,3213
1658,b,Undirected,5238
1659,b,Undirected,2892
1660,b,Undirected,2986
1661,b,Undirected,2866
1662,b,Undirected,3621
1663,b,Undirected,3733
1664,b,Undirected,4044
1665,b,Undirected,2945
1666,b,Undirected,4624
1667,b,Undirected,3237
1668,b,Undirected,3828
1669,b,Undirected,5520
1670,b,Undirected,5040
1671,b,Undirected,53432
1672,b,Undirected,37140
1673,b,Undirected,13330
1674,b,Undirected,11335
1675,b,Undirected,4970
1676,b,Undirected,4471
1677,b,Undirected,4395
1678,b,Undirected,3047
1679,b,Undirected,2925
1680,b,Undirected,3058
1681,b,Undirected,3476
1682,b,Undirected,4194
1683,b,Undirected,3165
1684,b,Undirected,6471
1685,b,Undirected,6738
1686,b,Undirected,3469
1687,b,Undirected,4357
1688,b,Undirected,4512
1689,b,Undirected,4737
1690,b,Undirected,4477
1691,b,Undirected,5698
1692,b,Undirected,5837
1693,b,Undirected,7020
1694,b,Undirected,10356
1695,b,Undirected,9466
1696,b,Undirected,3282
1697,b,Undirected,4136
1698,b,Undirected,3001
1699,b,Undirected,2891
1700,b,Undirected,3030
1701,b,Undirected,5510
1702,b,Undirected,7993
1703,b,Undirected,7568
1704,b,Undirected,4951
1705,b,Undirected,4636
1706,b,Undirected,6739
1707,b,Undirected,4144
1708,b,Undirected,4845
1709,b,Undirected,4421
1710,b,Undirected,3810
1711,b,Undirected,7887
1712,b,Undirected,4130
1713,b,Undirected,3154
1714,b,Undirected,4759
1715,b,Undirected,6219
1716,b,Undirected,15755
1717,b,Undirected,4558
1718,b,Undirected,4459
1719,b,Undirected,4908
1720,b,Undirected,4288
1721,b,Undirected,4194
1722,b,Undirected,4666
1723,b,Undirected,5839
1724,b,Undirected,7505
1725,b,Undirected,3844
1726,b,Undirected,3797
1727,b,Undirected,4041
1728,b,Undirected,3784
1729,b,Undirected,9147
1730,b,Undirected,5412
1731,b,Undirected,11041
1732,b,Undirected,6095
1733,b,Undirected,4784
1734,b,Undirected,5576
1735,b,Undirected,4966
1736,b,Undirected,4579
1737,b,Undirected,6488
1738,b,Undirected,43206
1739,b,Undirected,47427
1740,b,Undirected,8356
1741,b,Undirected,10220
1742,b,Undirected,5602
1743,b,Undirected,6584
1744,b,Undirected,10756
1745,b,Undirected,4979
1746,b,Undirected,5669
1747,b,Undirected,4487
1748,b,Undirected,21148
1749,b,Undirected,13700
1750,b,Undirected,8361
1751,b,Undirected,6360
1752,b,Undirected,4847
1753,b,Undirected,4772
1754,b,Undirected,5963
1755,b,Undirected,6396
1756,b,Undirected,7571
1757,b,Undirected,4398
1758,b,Undirected,4333
1759,b,Undirected,14599
1760,b,Undirected,11264
1761,b,Undirected,9596
1762,b,Undirected,11729
1763,b,Undirected,15687
1764,b,Undirected,9032
1765,b,Undirected,8345
1766,b,Undirected,4574
1767,b,Undirected,5086
1768,b,Undirected,5278
1769,b,Undirected,3083
1770,b,Undirected,3334
1771,b,Undirected,8428
1772,b,Undirected,21597
1773,b,Undirected,10115
1774,b,Undirected,7680
1775,b,Undirected,8157
1776,b,Undirected,14918
1777,b,Undirected,11719
1778,b,Undirected,34027
1779,b,Undirected,18212
1780,b,Undirected,7167
1781,b,Undirected,7126
1782,b,Undirected,5842
1783,b,Undirected,6111
1784,b,Undirected,6335
1785,b,Undirected,7156
1786,b,Undirected,9176
1787,b,Undirected,8724
1788,b,Undirected,12978
1789,b,Undirected,49838
1790,b,Undirected,8472
1791,b,Undirected,7510
1792,b,Undirected,4362
1793,b,Undirected,14544
1794,b,Undirected,4548
1795,b,Undirected,3722
1796,b,Undirected,3807
1797,b,Undirected,4979
1798,b,Undirected,5542
1799,b,Undirected,11674
1800,b,Undirected,8232
1801,b,Undirected,18819
1802,b,Undirected,21948
1803,b,Undirected,5895
1804,b,Undirected,5460
1805,b,Undirected,3226
1806,b,Undirected,3848
1807,b,Undirected,3699
1808,b,Undirected,3522
1809,b,Undirected,9084
1810,b,Undirected,5665
1811,b,Undirected,5369
1812,b,Undirected,10556
1813,b,Undirected,10998
1814,b,Undirected,7650
1815,b,Undirected,8054
1816,b,Undirected,10320
1817,b,Undirected,20257
1818,b,Undirected,9456
1819,b,Undirected,15479
1820,b,Undirected,4663
1821,b,Undirected,9978
1822,b,Undirected,5151
1823,b,Undirected,7362
1824,b,Undirected,26131
1825,b,Undirected,29186
1826,b,Undirected,16455
1827,b,Undirected,21175
1828,b,Undirected,18308
1829,b,Undirected,11488
1830,b,Undirected,9374
1831,b,Undirected,13371
1832,b,Undirected,26478
1833,b,Undirected,11734
1834,b,Undirected,14489
1835,b,Undirected,17889
1836,b,Undirected,10598
1837,b,Undirected,8574
1838,b,Undirected,8857
1839,b,Undirected,8521
1840,b,Undirected,6527
1841,b,Undirected,8221
1842,b,Undirected,6373
1843,b,Undirected,6322
1844,b,Undirected,6035
1845,b,Undirected,6450
1846,b,Undirected,5889
1847,b,Undirected,7413
1848,b,Undirected,7298
1849,b,Undirected,7788
1850,b,Undirected,5889
1851,b,Undirected,8851
1852,b,Undirected,5604
1853,b,Undirected,7132
1854,b,Undirected,12433
1855,b,Undirected,7397
1856,b,Undirected,12082
1857,b,Undirected,13499
1858,b,Undirected,14441
1859,b,Undirected,19648
1860,b,Undirected,9332
1861,b,Undirected,6221
1862,b,Undirected,5690
1863,b,Undirected,4770
1864,b,Undirected,4278
1865,b,Undirected,4091
1866,b,Undirected,4542
1867,b,Undirected,8205
1868,b,Undirected,5004
1869,b,Undirected,4425
1870,b,Undirected,7111
1871,b,Undirected,5041
1872,b,Undirected,5178
1873,b,Undirected,4196
1874,b,Undirected,4571
1875,b,Undirected,5380
1876,b,Undirected,4477
1877,b,Undirected,3877
1878,b,Undirected,4994
1879,b,Undirected,4423
1880,b,Undirected,4358
1881,b,Undirected,4173
1882,b,Undirected,4311
1883,b,Undirected,7029
1884,b,Undirected,9470
1885,b,Undirected,4826
1886,b,Undirected,5270
1887,b,Undirected,4417
1888,b,Undirected,4943
1889,b,Undirected,4157
1890,b,Undirected,3968
1891,b,Undirected,4286
1892,b,Undirected,4407
1893,b,Undirected,3971
1894,b,Undirected,7469
1895,b,Undirected,4641
1896,b,Undirected,4465
1897,b,Undirected,4385
1898,b,Undirected,4144
1899,b,Undirected,4757
1900,b,Undirected,4152
1901,b,Undirected,6299
1902,b,Undirected,4867
1903,b,Undirected,4587
1904,b,Undirected,4738
1905,b,Undirected,4399
1906,b,Undirected,13829
1907,b,Undirected,20856
1908,b,Undirected,36999
1909,b,Undirected,11331
1910,b,Undirected,31471
1911,b,Undirected,9211
1912,b,Undirected,6221
1913,b,Undirected,6063
1914,b,Undirected,4640
1915,b,Undirected,74061
1916,b,Undirected,17173
1917,b,Undirected,28191
1918,b,Undirected,11775
1919,b,Undirected,14581
1920,b,Undirected,8458
1921,b,Undirected,6399
1922,b,Undirected,12850
1923,b,Undirected,26665
1924,b,Undirected,12772
1925,b,Undirected,8077
1926,b,Undirected,14217
1927,b,Undirected,10478
1928,b,Undirected,8097
1929,b,Undirected,13460
1930,b,Undirected,10131
1931,b,Undirected,6673
1932,b,Undirected,14501
1933,b,Undirected,22728
1934,b,Undirected,12874
1935,b,Undirected,26572
1936,b,Undirected,12335
1937,b,Undirected,8006
1938,b,Undirected,7145
1939,b,Undirected,6514
1940,b,Undirected,7252
1941,b,Undirected,16678
1942,b,Undirected,9414
1943,b,Undirected,19839
1944,b,Undirected,9030
1945,b,Undirected,5503
1946,b,Undirected,7871
1947,b,Undirected,9523
1948,b,Undirected,7454
1949,b,Undirected,6722
1950,b,Undirected,5775
1951,b,Undirected,8312
1952,b,Undirected,9118
1953,b,Undirected,12003
1954,b,Undirected,14832
1955,b,Undirected,17332
1956,b,Undirected,10329
1957,b,Undirected,14206
1958,b,Undirected,15646
1959,b,Undirected,7674
1960,b,Undirected,8908
1961,b,Undirected,10963
1962,b,Undirected,20545
1963,b,Undirected,16597
1964,b,Undirected,9125
1965,b,Undirected,9916
1966,b,Undirected,12909
1967,b,Undirected,7184
1968,b,Undirected,16015
1969,b,Undirected,6556
1970,b,Undirected,8480
1971,b,Undirected,9077
1972,b,Undirected,6383
1973,b,Undirected,4959
1974,b,Undirected,8016
1975,b,Undirected,28982
1976,b,Undirected,16852
1977,b,Undirected,22126
1978,b,Undirected,8023
1979,b,Undirected,12592
1980,b,Undirected,10845
1981,b,Undirected,7174
1982,b,Undirected,12751
1983,b,Undirected,29034
1984,b,Undirected,12115
1985,b,Undirected,15018
1986,b,Undirected,10066
1987,b,Undirected,22602
1988,b,Undirected,14915
1989,b,Undirected,23441
1990,b,Undirected,20675
1991,b,Undirected,6841
1992,b,Undirected,6742
1993,b,Undirected,11159
1994,b,Undirected,22333
1995,b,Undirected,11960
1996,b,Undirected,22928
1997,b,Undirected,19441
1998,b,Undirected,9235
1999,b,Undirected,39546
2000,b,Undirected,10066
2001,b,Undirected,15811
2002,b,Undirected,25889
2003,b,Undirected,34136
2004,b,Undirected,5789
2005,b,Undirected,7098
2006,b,Undirected,4950
2007,b,Undirected,5130
2008,b,Undirected,5135
2009,b,Undirected,5930
2010,b,Undirected,6944
2011,b,Undirected,12759
2012,b,Undirected,8263
2013,b,Undirected,13454
2014,b,Undirected,69118
2015,b,Undirected,12104
2016,b,Undirected,21026
2017,b,Undirected,17633
2018,b,Undirected,10355
2019,b,Undirected,17693
2020,b,Undirected,34722
2021,b,Undirected,10995
2022,b,Undirected,14947
2023,b,Undirected,11269
2024,b,Undirected,7912
2025,b,Undirected,11172
2026,b,Undirected,22167
2027,b,Undirected,20248
2028,b,Undirected,24715
2029,b,Undirected,8529
2030,b,Undirected,15364
2031,b,Undirected,7022
2032,b,Undirected,7140
2033,b,Undirected,7288
2034,b,Undirected,9564
2035,b,Undirected,23823
2036,b,Undirected,8293
2037,b,Undirected,9824
2038,b,Undirected,12015
2039,b,Undirected,9502
2040,b,Undirected,25797
2041,b,Undirected,19742
2042,b,Undirected,10791
2043,b,Undirected,10925
2044,b,Undirected,10225
2045,b,Undirected,9559
2046,b,Undirected,14030
2047,b,Undirected,44934
2048,b,Undirected,18755
2049,b,Undirected,20872
2050,b,Undirected,19756
2051,b,Undirected,11787
2052,b,Undirected,10210
2053,b,Undirected,26123
2054,b,Undirected,24365
2055,b,Undirected,23773
2056,b,Undirected,14465
2057,b,Undirected,18422
2058,b,Undirected,39162
2059,b,Undirected,30500
2060,b,Undirected,25761
2061,b,Undirected,15607
2062,b,Undirected,15814
2063,b,Undirected,24569
2064,b,Undirected,13441
2065,b,Undirected,12029
2066,b,Undirected,16205
2067,b,Undirected,7769
2068,b,Undirected,14044
2069,b,Undirected,41316
2070,b,Undirected,17546
2071,b,Undirected,10690
2072,b,Undirected,15887
2073,b,Undirected,13036
2074,b,Undirected,16836
2075,b,Undirected,66308
2076,b,Undirected,48204
2077,b,Undirected,30465
2078,b,Undirected,64399
2079,b,Undirected,28607
2080,b,Undirected,26439
2081,b,Undirected,55661
2082,b,Undirected,46133
2083,b,Undirected,34962
2084,b,Undirected,42136
2085,b,Undirected,33422
2086,b,Undirected,46535
2087,b,Undirected,109245
2088,b,Undirected,46005
2089,b,Undirected,92619
2090,b,Undirected,17410
2091,b,Undirected,33311
2092,b,Undirected,25199
2093,b,Undirected,15547
2094,b,Undirected,24706
2095,b,Undirected,29902
2096,b,Undirected,9371
2097,b,Undirected,11106
2098,b,Undirected,8568
2099,b,Undirected,14254
2100,b,Undirected,19867
2101,b,Undirected,9704
2102,b,Undirected,11306
2103,b,Undirected,9684
2104,b,Undirected,10115
2105,b,Undirected,7528
2106,b,Undirected,7072
2107,b,Undirected,10164
2108,b,Undirected,9730
2109,b,Undirected,11274
2110,b,Undirected,9319
2111,b,Undirected,17179
2112,b,Undirected,41417
2113,b,Undirected,17099
2114,b,Undirected,9172
2115,b,Undirected,13287
2116,b,Undirected,14581
2117,b,Undirected,5513
2118,b,Undirected,5249
2119,b,Undirected,5439
2120,b,Undirected,6268
2121,b,Undirected,4233
2122,b,Undirected,22597
2123,b,Undirected,13895
2124,b,Undirected,18577
2125,b,Undirected,11518
2126,b,Undirected,15251
2127,b,Undirected,28605
2128,b,Undirected,19588
2129,b,Undirected,9229
2130,b,Undirected,6671
2131,b,Undirected,3887
2132,b,Undirected,5443
2133,b,Undirected,5174
2134,b,Undirected,4059
2135,b,Undirected,26667
2136,b,Undirected,12171
2137,b,Undirected,17052
2138,b,Undirected,18560
2139,b,Undirected,9453
2140,b,Undirected,8312
2141,b,Undirected,8429
2142,b,Undirected,14260
2143,b,Undirected,25126
2144,b,Undirected,19457
2145,b,Undirected,20745
2146,b,Undirected,20347
2147,b,Undirected,17088
2148,b,Undirected,34652
2149,b,Undirected,5723
2150,b,Undirected,4412
2151,b,Undirected,3931
2152,b,Undirected,14063
2153,b,Undirected,30165
2154,b,Undirected,8811
2155,b,Undirected,5931
2156,b,Undirected,4918
2157,b,Undirected,15810
2158,b,Undirected,21026
2159,b,Undirected,23397
2160,b,Undirected,14657
2161,b,Undirected,20993
2162,b,Undirected,7003
2163,b,Undirected,9726
2164,b,Undirected,7771
2165,b,Undirected,7668
2166,b,Undirected,3003
2167,b,Undirected,13054
2168,b,Undirected,16374
2169,b,Undirected,8470
2170,b,Undirected,6128
2171,b,Undirected,5637
2172,b,Undirected,19360
2173,b,Undirected,13526
2174,b,Undirected,8532
2175,b,Undirected,8303
2176,b,Undirected,5275
2177,b,Undirected,6986
2178,b,Undirected,19241
2179,b,Undirected,27020
2180,b,Undirected,17026
2181,b,Undirected,7493
2182,b,Undirected,10619
2183,b,Undirected,5393
2184,b,Undirected,6897
2185,b,Undirected,39205
2186,b,Undirected,14353
2187,b,Undirected,10506
2188,b,Undirected,12035
2189,b,Undirected,5434
2190,b,Undirected,5340
2191,b,Undirected,7247
2192,b,Undirected,5482
2193,b,Undirected,4759
2194,b,Undirected,4329
2195,b,Undirected,5749
2196,b,Undirected,5158
2197,b,Undirected,4885
2198,b,Undirected,11884
2199,b,Undirected,4234
2200,b,Undirected,3791
2201,b,Undirected,5046
2202,b,Undirected,4509
2203,b,Undirected,10334
2204,b,Undirected,44679
2205,b,Undirected,10765
2206,b,Undirected,8890
2207,b,Undirected,6446
2208,b,Undirected,12447
2209,b,Undirected,10824
2210,b,Undirected,16231
2211,b,Undirected,10496
2212,b,Undirected,12292
2213,b,Undirected,16730
2214,b,Undirected,30935
2215,b,Undirected,10203
2216,b,Undirected,7699
2217,b,Undirected,7041
2218,b,Undirected,11214
2219,b,Undirected,7978
2220,b,Undirected,9445
2221,b,Undirected,22324
2222,b,Undirected,8290
2223,b,Undirected,26067
2224,b,Undirected,32567
2225,b,Undirected,12688
2226,b,Undirected,8791
2227,b,Undirected,10337
2228,b,Undirected,10261
2229,b,Undirected,21856
2230,b,Undirected,10068
2231,b,Undirected,10285
2232,b,Undirected,12700
2233,b,Undirected,10427
2234,b,Undirected,17167
2235,b,Undirected,14806
2236,b,Undirected,9385
2237,b,Undirected,10426
2238,b,Undirected,22651
2239,b,Undirected,7786
2240,b,Undirected,7891
2241,b,Undirected,8933
2242,b,Undirected,7139
2243,b,Undirected,22135
2244,b,Undirected,7041
2245,b,Undirected,7271
2246,b,Undirected,7654
2247,b,Undirected,14002
2248,b,Undirected,40201
2249,b,Undirected,23317
2250,b,Undirected,12792
2251,b,Undirected,16424
2252,b,Undirected,6173
2253,b,Undirected,6142
2254,b,Undirected,8396
2255,b,Undirected,15345
2256,b,Undirected,8714
2257,b,Undirected,10357
2258,b,Undirected,12799
2259,b,Undirected,36367
2260,b,Undirected,12762
2261,b,Undirected,8762
2262,b,Undirected,7878
2263,b,Undirected,20255
2264,b,Undirected,16237
2265,b,Undirected,43412
2266,b,Undirected,11835
2267,b,Undirected,25662
2268,b,Undirected,11794
2269,b,Undirected,13419
2270,b,Undirected,53843
2271,b,Undirected,21732
2272,b,Undirected,56711
2273,b,Undirected,8313
2274,b,Undirected,7902
2275,b,Undirected,8491
2276,b,Undirected,9149
2277,b,Undirected,8271
2278,b,Undirected,6475
2279,b,Undirected,7928
2280,b,Undirected,14637
2281,b,Undirected,18255
2282,b,Undirected,23127
2283,b,Undirected,11365
2284,b,Undirected,11987
2285,b,Undirected,11073
2286,b,Undirected,8183
2287,b,Undirected,16009
2288,b,Undirected,11611
2289,b,Undirected,8201
2290,b,Undirected,12205
2291,b,Undirected,7908
2292,b,Undirected,9009
2293,b,Undirected,27569
2294,b,Undirected,7336
2295,b,Undirected,8693
2296,b,Undirected,16550
2297,b,Undirected,23696
2298,b,Undirected,43526
2299,b,Undirected,11303
2300,b,Undirected,12485
2301,b,Undirected,9200
2302,b,Undirected,15509
2303,b,Undirected,4573
2304,b,Undirected,7122
2305,b,Undirected,7853
2306,b,Undirected,12693
2307,b,Undirected,8832
2308,b,Undirected,11646
2309,b,Undirected,25131
2310,b,Undirected,12187
2311,b,Undirected,7740
2312,b,Undirected,12221
2313,b,Undirected,4781
2314,b,Undirected,6079
2315,b,Undirected,57995
2316,b,Undirected,12810
2317,b,Undirected,27055
2318,b,Undirected,11304
2319,b,Undirected,34216
2320,b,Undirected,12561
2321,b,Undirected,7538
2322,b,Undirected,6684
2323,b,Undirected,6877
2324,b,Undirected,6633
2325,b,Undirected,7139
2326,b,Undirected,11027
2327,b,Undirected,9294
2328,b,Undirected,9948
2329,b,Undirected,7769
2330,b,Undirected,5041
2331,b,Undirected,8629
2332,b,Undirected,7680
2333,b,Undirected,6177
2334,b,Undirected,10320
2335,b,Undirected,12730
2336,b,Undirected,21205
2337,b,Undirected,5863
2338,b,Undirected,10941
2339,b,Undirected,9138
2340,b,Undirected,8237
2341,b,Undirected,6074
2342,b,Undirected,15113
2343,b,Undirected,9999
2344,b,Undirected,17357
2345,b,Undirected,5948
2346,b,Undirected,7190
2347,b,Undirected,6568
2348,b,Undirected,8018
2349,b,Undirected,7211
2350,b,Undirected,20272
2351,b,Undirected,15949
2352,b,Undirected,8670
2353,b,Undirected,15044
2354,b,Undirected,8994
2355,b,Undirected,12460
2356,b,Undirected,9663
2357,b,Undirected,6611
2358,b,Undirected,25471
2359,b,Undirected,23769
2360,b,Undirected,15530
2361,b,Undirected,11631
2362,b,Undirected,24117
2363,b,Undirected,10718
2364,b,Undirected,10498
2365,b,Undirected,13485
2366,b,Undirected,10024
2367,b,Undirected,10806
2368,b,Undirected,11317
2369,b,Undirected,13584
2370,b,Undirected,29631
2371,b,Undirected,17577
2372,b,Undirected,12406
2373,b,Undirected,18328
2374,b,Undirected,18555
2375,b,Undirected,9775
2376,b,Undirected,11409
2377,b,Undirected,5881
2378,b,Undirected,8022
2379,b,Undirected,4903
2380,b,Undirected,5467
2381,b,Undirected,22967
2382,b,Undirected,42525
2383,b,Undirected,28022
2384,b,Undirected,15995
2385,b,Undirected,18036
2386,b,Undirected,10565
2387,b,Undirected,23073
2388,b,Undirected,18356
2389,b,Undirected,14847
2390,b,Undirected,12120
2391,b,Undirected,11629
2392,b,Undirected,7666
2393,b,Undirected,17041
2394,b,Undirected,7861
2395,b,Undirected,9727
2396,b,Undirected,14058
2397,b,Undirected,13336
2398,b,Undirected,9328
2399,b,Undirected,8213
2400,b,Undirected,6579
2401,b,Undirected,6607
2402,b,Undirected,23039
2403,b,Undirected,24812
2404,b,Undirected,9593
2405,b,Undirected,6959
2406,b,Undirected,10820
2407,b,Undirected,19191
2408,b,Undirected,12731
2409,b,Undirected,7289
2410,b,Undirected,7862
2411,b,Undirected,8476
2412,b,Undirected,7344
2413,b,Undirected,28005
2414,b,Undirected,18968
2415,b,Undirected,9616
2416,b,Undirected,6643
2417,b,Undirected,6585
2418,b,Undirected,5001
2419,b,Undirected,4306
2420,b,Undirected,6476
2421,b,Undirected,11004
2422,b,Undirected,8543
2423,b,Undirected,22027
2424,b,Undirected,11397
2425,b,Undirected,13659
2426,b,Undirected,11071
2427,b,Undirected,18872
2428,b,Undirected,6973
2429,b,Undirected,11146
2430,b,Undirected,6861
2431,b,Undirected,6838
2432,b,Undirected,9530
2433,b,Undirected,15528
2434,b,Undirected,20801
2435,b,Undirected,13098
2436,b,Undirected,6359
2437,b,Undirected,4762
2438,b,Undirected,4391
2439,b,Undirected,9240
2440,b,Undirected,6845
2441,b,Undirected,17416
2442,b,Undirected,16778
2443,b,Undirected,7726
2444,b,Undirected,6864
2445,b,Undirected,6142
2446,b,Undirected,5035
2447,b,Undirected,8530
2448,b,Undirected,4704
2449,b,Undirected,4981
2450,b,Undirected,6516
2451,b,Undirected,4025
2452,b,Undirected,11649
2453,b,Undirected,14141
2454,b,Undirected,7869
2455,b,Undirected,5183
2456,b,Undirected,6539
2457,b,Undirected,6779
2458,b,Undirected,15621
2459,b,Undirected,7622
2460,b,Undirected,5962
2461,b,Undirected,13109
2462,b,Undirected,8993
2463,b,Undirected,18437
2464,b,Undirected,12567
2465,b,Undirected,8202
2466,b,Undirected,13087
2467,b,Undirected,10051
2468,b,Undirected,7803
2469,b,Undirected,24736
2470,b,Undirected,20328
2471,b,Undirected,7050
2472,b,Undirected,10885
2473,b,Undirected,6943
2474,b,Undirected,7573
2475,b,Undirected,19267
2476,b,Undirected,6468
2477,b,Undirected,9252
2478,b,Undirected,4857
2479,b,Undirected,4394
2480,b,Undirected,5010
2481,b,Undirected,6104
2482,b,Undirected,5482
2483,b,Undirected,7944
2484,b,Undirected,13904
2485,b,Undirected,24809
2486,b,Undirected,37811
2487,b,Undirected,22474
2488,b,Undirected,15904
2489,b,Undirected,12446
2490,b,Undirected,12432
2491,b,Undirected,7128
2492,b,Undirected,11490
2493,b,Undirected,10291
2494,b,Undirected,8556
2495,b,Undirected,14177
2496,b,Undirected,8088
2497,b,Undirected,12919
2498,b,Undirected,12666
2499,b,Undirected,11133
2500,b,Undirected,7242
2501,b,Undirected,7712
2502,b,Undirected,12245
2503,b,Undirected,9101
2504,b,Undirected,12816
2505,b,Undirected,19629
2506,b,Undirected,6228
2507,b,Undirected,7494
2508,b,Undirected,4557
2509,b,Undirected,12140
2510,b,Undirected,7047
2511,b,Undirected,5933
2512,b,Undirected,5513
2513,b,Undirected,5942
2514,b,Undirected,6727
2515,b,Undirected,6362
2516,b,Undirected,8997
2517,b,Undirected,6916
2518,b,Undirected,14869
2519,b,Undirected,5107
2520,b,Undirected,6011
2521,b,Undirected,5595
2522,b,Undirected,7219
2523,b,Undirected,6228
2524,b,Undirected,6929
2525,b,Undirected,7588
2526,b,Undirected,5374
2527,b,Undirected,4600
2528,b,Undirected,14220
2529,b,Undirected,10728
2530,b,Undirected,34446
2531,b,Undirected,6131
2532,b,Undirected,5828
2533,b,Undirected,13777
2534,b,Undirected,4981
2535,b,Undirected,5090
2536,b,Undirected,6335
2537,b,Undirected,7237
2538,b,Undirected,9962
2539,b,Undirected,12048
2540,b,Undirected,22326
2541,b,Undirected,93719
2542,b,Undirected,11605
2543,b,Undirected,6390
2544,b,Undirected,14924
2545,b,Undirected,16053
2546,b,Undirected,13971
2547,b,Undirected,24159
2548,b,Undirected,15300
2549,b,Undirected,10757
2550,b,Undirected,7859
2551,b,Undirected,7927
2552,b,Undirected,8834
2553,b,Undirected,17808
2554,b,Undirected,13775
2555,b,Undirected,8973
2556,b,Undirected,13646
2557,b,Undirected,6694
2558,b,Undirected,8013
2559,b,Undirected,23091
2560,b,Undirected,14268
2561,b,Undirected,8115
2562,b,Undirected,7755
2563,b,Undirected,6955
2564,b,Undirected,8441
2565,b,Undirected,6031
2566,b,Undirected,11953
2567,b,Undirected,6707
2568,b,Undirected,6245
2569,b,Undirected,8909
2570,b,Undirected,6874
2571,b,Undirected,5440
2572,b,Undirected,6994
2573,b,Undirected,5893
2574,b,Undirected,5481
2575,b,Undirected,4996
2576,b,Undirected,4529
2577,b,Undirected,4214
2578,b,Undirected,4528
2579,b,Undirected,11013
2580,b,Undirected,5566
2581,b,Undirected,4950
2582,b,Undirected,8943
2583,b,Undirected,16517
2584,b,Undirected,6083
2585,b,Undirected,5306
2586,b,Undirected,5950
2587,b,Undirected,6930
2588,b,Undirected,7185
2589,b,Undirected,5427
2590,b,Undirected,4936
2591,b,Undirected,6041
2592,b,Undirected,6038
2593,b,Undirected,12805
2594,b,Undirected,8461
2595,b,Undirected,4737
2596,b,Undirected,5039
2597,b,Undirected,4866
2598,b,Undirected,4540
2599,b,Undirected,4592
2600,b,Undirected,4506
2601,b,Undirected,3597
2602,b,Undirected,6193
2603,b,Undirected,18757
2604,b,Undirected,33455
2605,b,Undirected,8727
2606,b,Undirected,17107
2607,b,Undirected,9551
2608,b,Undirected,27565
2609,b,Undirected,16398
2610,b,Undirected,17490
2611,b,Undirected,9830
2612,b,Undirected,8918
2613,b,Undirected,9937
2614,b,Undirected,11189
2615,b,Undirected,18813
2616,b,Undirected,19323
2617,b,Undirected,6221
2618,b,Undirected,7622
2619,b,Undirected,15691
2620,b,Undirected,9218
2621,b,Undirected,5335
2622,b,Undirected,9756
2623,b,Undirected,30821
2624,b,Undirected,7075
2625,b,Undirected,5978
2626,b,Undirected,5312
2627,b,Undirected,5115
2628,b,Undirected,5390
2629,b,Undirected,5882
2630,b,Undirected,5261
2631,b,Undirected,4129
2632,b,Undirected,8264
2633,b,Undirected,5301
2634,b,Undirected,8075
2635,b,Undirected,5618
2636,b,Undirected,5404
2637,b,Undirected,6391
2638,b,Undirected,7243
2639,b,Undirected,8443
2640,b,Undirected,15385
2641,b,Undirected,7234
2642,b,Undirected,7626
2643,b,Undirected,7156
2644,b,Undirected,7426
2645,b,Undirected,6058
2646,b,Undirected,4913
2647,b,Undirected,15411
2648,b,Undirected,9297
2649,b,Undirected,14061
2650,b,Undirected,16299
2651,b,Undirected,9202
2652,b,Undirected,7849
2653,b,Undirected,10190
2654,b,Undirected,7211
2655,b,Undirected,8336
2656,b,Undirected,5509
2657,b,Undirected,6952
2658,b,Undirected,11046
2659,b,Undirected,9893
2660,b,Undirected,6872
2661,b,Undirected,4683
2662,b,Undirected,4941
2663,b,Undirected,5743
2664,b,Undirected,5248
2665,b,Undirected,4805
2666,b,Undirected,10719
2667,b,Undirected,6910
2668,b,Undirected,16323
2669,b,Undirected,6632
2670,b,Undirected,30746
2671,b,Undirected,18169
2672,b,Undirected,10642
2673,b,Undirected,11367
2674,b,Undirected,9513
2675,b,Undirected,18110
2676,b,Undirected,9485
2677,b,Undirected,10322
2678,b,Undirected,4933
2679,b,Undirected,7970
2680,b,Undirected,10801
2681,b,Undirected,5493
2682,b,Undirected,25609
2683,b,Undirected,8347
2684,b,Undirected,9044
2685,b,Undirected,6228
2686,b,Undirected,5422
2687,b,Undirected,5604
2688,b,Undirected,14060
2689,b,Undirected,10451
2690,b,Undirected,7548
2691,b,Undirected,4434
2692,b,Undirected,12742
2693,b,Undirected,15097
2694,b,Undirected,17226
2695,b,Undirected,12587
2696,b,Undirected,26962
2697,b,Undirected,8430
2698,b,Undirected,5996
2699,b,Undirected,6019
2700,b,Undirected,5919
2701,b,Undirected,8068
2702,b,Undirected,9054
2703,b,Undirected,5129
2704,b,Undirected,7846
2705,b,Undirected,5985
2706,b,Undirected,4658
2707,b,Undirected,5017
2708,b,Undirected,4925
2709,b,Undirected,4955
2710,b,Undirected,5698
2711,b,Undirected,4251
2712,b,Undirected,4422
2713,b,Undirected,8871
2714,b,Undirected,6127
2715,b,Undirected,15355
2716,b,Undirected,16730
2717,b,Undirected,7736
2718,b,Undirected,15362
2719,b,Undirected,6559
2720,b,Undirected,6444
2721,b,Undirected,8214
2722,b,Undirected,8515
2723,b,Undirected,5482
2724,b,Undirected,31015
2725,b,Undirected,6423
2726,b,Undirected,6037
2727,b,Undirected,6899
2728,b,Undirected,5834
2729,b,Undirected,11959
2730,b,Undirected,22582
2731,b,Undirected,12174
2732,b,Undirected,25825
2733,b,Undirected,43945
2734,b,Undirected,7782
2735,b,Undirected,7599
2736,b,Undirected,6035
2737,b,Undirected,8102
2738,b,Undirected,5549
2739,b,Undirected,5361
2740,b,Undirected,19100
2741,b,Undirected,8220
2742,b,Undirected,5834
2743,b,Undirected,5503
2744,b,Undirected,7217
2745,b,Undirected,10611
2746,b,Undirected,5977
2747,b,Undirected,10430
2748,b,Undirected,8472
2749,b,Undirected,16436
2750,b,Undirected,10355
2751,b,Undirected,13348
2752,b,Undirected,61583
2753,b,Undirected,7344
2754,b,Undirected,7338
2755,b,Undirected,9176
2756,b,Undirected,25074
2757,b,Undirected,31503
2758,b,Undirected,8368
2759,b,Undirected,13157
2760,b,Undirected,15812
2761,b,Undirected,11239
2762,b,Undirected,28672
2763,b,Undirected,13390
2764,b,Undirected,17339
2765,b,Undirected,13369
2766,b,Undirected,13076
2767,b,Undirected,11531
2768,b,Undirected,17712
2769,b,Undirected,14591
2770,b,Undirected,24065
2771,b,Undirected,9884
2772,b,Undirected,12177
2773,b,Undirected,13052
2774,b,Undirected,14939
2775,b,Undirected,5867
2776,b,Undirected,7070
2777,b,Undirected,4096
2778,b,Undirected,6545
2779,b,Undirected,22342
2780,b,Undirected,8130
2781,b,Undirected,5491
2782,b,Undirected,7606
2783,b,Undirected,7190
2784,b,Undirected,6899
2785,b,Undirected,5481
2786,b,Undirected,7615
2787,b,Undirected,5467
2788,b,Undirected,6632
2789,b,Undirected,21024
2790,b,Undirected,5522
2791,b,Undirected,4667
2792,b,Undirected,6478
2793,b,Undirected,5264
2794,b,Undirected,6001
2795,b,Undirected,19100
2796,b,Undirected,18226
2797,b,Undirected,13246
2798,b,Undirected,39914
2799,b,Undirected,14345
2800,b,Undirected,10610
2801,b,Undirected,17387
2802,b,Undirected,9209
2803,b,Undirected,9787
2804,b,Undirected,8029
2805,b,Undirected,27869
2806,b,Undirected,15688
2807,b,Undirected,13744
2808,b,Undirected,18283
2809,b,Undirected,22088
2810,b,Undirected,44287
2811,b,Undirected,14297
2812,b,Undirected,10054
2813,b,Undirected,16661
2814,b,Undirected,21322
2815,b,Undirected,17734
2816,b,Undirected,14027
2817,b,Undirected,9617
2818,b,Undirected,10607
2819,b,Undirected,6088
2820,b,Undirected,7628
2821,b,Undirected,6651
2822,b,Undirected,15058
2823,b,Undirected,9059
2824,b,Undirected,12020
2825,b,Undirected,18012
2826,b,Undirected,32837
2827,b,Undirected,10204
2828,b,Undirected,6351
2829,b,Undirected,6832
2830,b,Undirected,5160
2831,b,Undirected,9268
2832,b,Undirected,6404
2833,b,Undirected,7030
2834,b,Undirected,6783
2835,b,Undirected,6337
2836,b,Undirected,4646
2837,b,Undirected,5949
2838,b,Undirected,6820
2839,b,Undirected,7167
2840,b,Undirected,11468
2841,b,Undirected,21196
2842,b,Undirected,8737
2843,b,Undirected,7299
2844,b,Undirected,18006
2845,b,Undirected,7418
2846,b,Undirected,9901
2847,b,Undirected,17511
2848,b,Undirected,5449
2849,b,Undirected,6054
2850,b,Undirected,5442
2851,b,Undirected,14262
2852,b,Undirected,5539
2853,b,Undirected,13107
2854,b,Undirected,7488
2855,b,Undirected,7198
2856,b,Undirected,13117
2857,b,Undirected,6183
2858,b,Undirected,15291
2859,b,Undirected,5894
2860,b,Undirected,5066
2861,b,Undirected,8805
2862,b,Undirected,5236
2863,b,Undirected,3148
2864,b,Undirected,3619
2865,b,Undirected,3575
2866,b,Undirected,33594
2867,b,Undirected,7093
2868,b,Undirected,9095
2869,b,Undirected,5302
2870,b,Undirected,13708
2871,b,Undirected,9987
2872,b,Undirected,7237
2873,b,Undirected,7716
2874,b,Undirected,5148
2875,b,Undirected,5385
2876,b,Undirected,5397
2877,b,Undirected,5960
2878,b,Undirected,6993
2879,b,Undirected,4782
2880,b,Undirected,5052
2881,b,Undirected,5161
2882,b,Undirected,12640
2883,b,Undirected,4049
2884,b,Undirected,4857
2885,b,Undirected,5198
2886,b,Undirected,3086
2887,b,Undirected,9941
2888,b,Undirected,6515
2889,b,Undirected,6676
2890,b,Undirected,6438
2891,b,Undirected,6751
2892,b,Undirected,6286
2893,b,Undirected,11870
2894,b,Undirected,11066
2895,b,Undirected,6526
2896,b,Undirected,7937
2897,b,Undirected,7334
2898,b,Undirected,10280
2899,b,Undirected,7505
2900,b,Undirected,12111
2901,b,Undirected,10320
2902,b,Undirected,6729
2903,b,Undirected,18306
2904,b,Undirected,5705
2905,b,Undirected,6209
2906,b,Undirected,5469
2907,b,Undirected,4511
2908,b,Undirected,4533
2909,b,Undirected,4036
2910,b,Undirected,7274
2911,b,Undirected,6115
2912,b,Undirected,4143
2913,b,Undirected,4698
2914,b,Undirected,5927
2915,b,Undirected,2774
2916,b,Undirected,3036
2917,b,Undirected,3357
2918,b,Undirected,3396
2919,b,Undirected,3312
2920,b,Undirected,3595
2921,b,Undirected,2754
2922,b,Undirected,12663
2923,b,Undirected,9277
2924,b,Undirected,9011
2925,b,Undirected,11966
2926,b,Undirected,6270
2927,b,Undirected,10602
2928,b,Undirected,10956
2929,b,Undirected,6925
2930,b,Undirected,6150
2931,b,Undirected,5580
2932,b,Undirected,5752
2933,b,Undirected,4480
2934,b,Undirected,4493
2935,b,Undirected,3837
2936,b,Undirected,3542
2937,b,Undirected,2853
2938,b,Undirected,4207
2939,b,Undirected,3265
2940,b,Undirected,3017
2941,b,Undirected,10403
2942,b,Undirected,12090
2943,b,Undirected,16107
2944,b,Undirected,8529
2945,b,Undirected,7162
2946,b,Undirected,6699
2947,b,Undirected,19661
2948,b,Undirected,5612
2949,b,Undirected,5755
2950,b,Undirected,17973
2951,b,Undirected,8257
2952,b,Undirected,7410
2953,b,Undirected,5226
2954,b,Undirected,10010
2955,b,Undirected,6328
2956,b,Undirected,8764
2957,b,Undirected,5103
2958,b,Undirected,5129
2959,b,Undirected,5715
2960,b,Undirected,5128
2961,b,Undirected,4525
2962,b,Undirected,3381
2963,b,Undirected,4227
2964,b,Undirected,3045
2965,b,Undirected,5407
2966,b,Undirected,10278
2967,b,Undirected,6946
2968,b,Undirected,8237
2969,b,Undirected,7333
2970,b,Undirected,6117
2971,b,Undirected,10790
2972,b,Undirected,13650
2973,b,Undirected,9441
2974,b,Undirected,5845
2975,b,Undirected,8357
2976,b,Undirected,10521
2977,b,Undirected,7227
2978,b,Undirected,9968
2979,b,Undirected,6255
2980,b,Undirected,5858
2981,b,Undirected,5482
2982,b,Undirected,6317
2983,b,Undirected,6340
2984,b,Undirected,6773
2985,b,Undirected,4758
2986,b,Undirected,6736
2987,b,Undirected,5023
2988,b,Undirected,4643
2989,b,Undirected,18801
2990,b,Undirected,5591
2991,b,Undirected,3969
2992,b,Undirected,7174
2993,b,Undirected,4348
2994,b,Undirected,4021
2995,b,Undirected,4779
2996,b,Undirected,9442
2997,b,Undirected,5933
2998,b,Undirected,9319
2999,b,Undirected,5491
3000,b,Undirected,6540
3001,b,Undirected,16797
3002,b,Undirected,8110
3003,b,Undirected,4844
3004,b,Undirected,5664
3005,b,Undirected,4889
3006,b,Undirected,4560
3007,b,Undirected,4713
3008,b,Undirected,4441
3009,b,Undirected,4191
3010,b,Undirected,4576
3011,b,Undirected,4681
3012,b,Undirected,4878
3013,b,Undirected,4218
3014,b,Undirected,4230
3015,b,Undirected,4583
3016,b,Undirected,4306
3017,b,Undirected,4165
3018,b,Undirected,4939
3019,b,Undirected,4454
3020,b,Undirected,4809
3021,b,Undirected,4308
3022,b,Undirected,3283
3023,b,Undirected,4860
3024,b,Undirected,4285
3025,b,Undirected,4750
3026,b,Undirected,4001
3027,b,Undirected,4368
3028,b,Undirected,4459
3029,b,Undirected,4051
3030,b,Undirected,5441
3031,b,Undirected,5679
3032,b,Undirected,3545
3033,b,Undirected,3906
3034,b,Undirected,5169
3035,b,Undirected,4391
3036,b,Undirected,10381
3037,b,Undirected,4279
3038,b,Undirected,5222
3039,b,Undirected,8246
3040,b,Undirected,5689
3041,b,Undirected,4025
3042,b,Undirected,4223
3043,b,Undirected,5534
3044,b,Undirected,4207
3045,b,Undirected,6484
3046,b,Undirected,5340
3047,b,Undirected,5804
3048,b,Undirected,5577
3049,b,Undirected,5290
3050,b,Undirected,5273
3051,b,Undirected,4913
3052,b,Undirected,5066
3053,b,Undirected,5395
3054,b,Undirected,8473
3055,b,Undirected,12595
3056,b,Undirected,7373
3057,b,Undirected,13279
3058,b,Undirected,6873
3059,b,Undirected,8453
3060,b,Undirected,7857
3061,b,Undirected,6368
3062,b,Undirected,4434
3063,b,Undirected,6474
3064,b,Undirected,6465
3065,b,Undirected,6780
3066,b,Undirected,4646
3067,b,Undirected,4311
3068,b,Undirected,3983
3069,b,Undirected,4572
3070,b,Undirected,7303
3071,b,Undirected,23169
3072,b,Undirected,16772
3073,b,Undirected,47024
3074,b,Undirected,13316
3075,b,Undirected,6416
3076,b,Undirected,7577
3077,b,Undirected,22350
3078,b,Undirected,14798
3079,b,Undirected,20596
3080,b,Undirected,11495
3081,b,Undirected,19605
3082,b,Undirected,11411
3083,b,Undirected,26224
3084,b,Undirected,16872
3085,b,Undirected,6485
3086,b,Undirected,6349
3087,b,Undirected,10647
3088,b,Undirected,11719
3089,b,Undirected,25092
3090,b,Undirected,7651
3091,b,Undirected,7021
3092,b,Undirected,8036
3093,b,Undirected,15105
3094,b,Undirected,7518
3095,b,Undirected,8026
3096,b,Undirected,6061
3097,b,Undirected,6654
3098,b,Undirected,34077
3099,b,Undirected,12875
3100,b,Undirected,11828
3101,b,Undirected,7972
3102,b,Undirected,7577
3103,b,Undirected,6338
3104,b,Undirected,18793
3105,b,Undirected,12552
3106,b,Undirected,14683
3107,b,Undirected,19136
3108,b,Undirected,11253
3109,b,Undirected,5209
3110,b,Undirected,4899
3111,b,Undirected,4311
3112,b,Undirected,5141
3113,b,Undirected,6003
3114,b,Undirected,3772
3115,b,Undirected,3936
3116,b,Undirected,3397
3117,b,Undirected,11406
3118,b,Undirected,24030
3119,b,Undirected,14037
3120,b,Undirected,9938
3121,b,Undirected,7363
3122,b,Undirected,6806
3123,b,Undirected,5469
3124,b,Undirected,24240
3125,b,Undirected,11721
3126,b,Undirected,9474
3127,b,Undirected,8765
3128,b,Undirected,18061
3129,b,Undirected,11408
3130,b,Undirected,7004
3131,b,Undirected,19408
3132,b,Undirected,20872
3133,b,Undirected,15357
3134,b,Undirected,7012
3135,b,Undirected,7628
3136,b,Undirected,6926
3137,b,Undirected,7218
3138,b,Undirected,6113
3139,b,Undirected,5892
3140,b,Undirected,8779
3141,b,Undirected,12560
3142,b,Undirected,8669
3143,b,Undirected,6556
3144,b,Undirected,7719
3145,b,Undirected,7553
3146,b,Undirected,6911
3147,b,Undirected,6580
3148,b,Undirected,19604
3149,b,Undirected,15414
3150,b,Undirected,18746
3151,b,Undirected,5950
3152,b,Undirected,6016
3153,b,Undirected,10909
3154,b,Undirected,6735
3155,b,Undirected,5554
3156,b,Undirected,8116
3157,b,Undirected,4472
3158,b,Undirected,6497
3159,b,Undirected,13568
3160,b,Undirected,5612
3161,b,Undirected,4112
3162,b,Undirected,5855
3163,b,Undirected,20577
3164,b,Undirected,27167
3165,b,Undirected,13143
3166,b,Undirected,3864
3167,b,Undirected,5744
3168,b,Undirected,8241
3169,b,Undirected,5027
3170,b,Undirected,5100
3171,b,Undirected,8339
3172,b,Undirected,5016
3173,b,Undirected,3809
3174,b,Undirected,6711
3175,b,Undirected,4233
3176,b,Undirected,5310
3177,b,Undirected,4560
3178,b,Undirected,4179
3179,b,Undirected,3283
3180,b,Undirected,5031
3181,b,Undirected,3688
3182,b,Undirected,5270
3183,b,Undirected,5502
3184,b,Undirected,5512
3185,b,Undirected,4089
3186,b,Undirected,5287
3187,b,Undirected,5099
3188,b,Undirected,4293
3189,b,Undirected,3862
3190,b,Undirected,8631
3191,b,Undirected,5376
3192,b,Undirected,25143
3193,b,Undirected,12773
3194,b,Undirected,13300
3195,b,Undirected,7888
3196,b,Undirected,8166
3197,b,Undirected,9753
3198,b,Undirected,6954
3199,b,Undirected,6609
3200,b,Undirected,10220
3201,b,Undirected,18147
3202,b,Undirected,7896
3203,b,Undirected,14209
3204,b,Undirected,7313
3205,b,Undirected,28233
3206,b,Undirected,12104
3207,b,Undirected,5945
3208,b,Undirected,7984
3209,b,Undirected,8862
3210,b,Undirected,4649
3211,b,Undirected,5035
3212,b,Undirected,7116
3213,b,Undirected,6249
3214,b,Undirected,5487
3215,b,Undirected,20023
3216,b,Undirected,11295
3217,b,Undirected,4489
3218,b,Undirected,4250
3219,b,Undirected,3787
3220,b,Undirected,4016
3221,b,Undirected,3370
3222,b,Undirected,3693
3223,b,Undirected,4020
3224,b,Undirected,3263
3225,b,Undirected,5329
3226,b,Undirected,10307
3227,b,Undirected,8160
3228,b,Undirected,8137
3229,b,Undirected,9353
3230,b,Undirected,6098
3231,b,Undirected,12646
3232,b,Undirected,17119
3233,b,Undirected,6996
3234,b,Undirected,5872
3235,b,Undirected,5461
3236,b,Undirected,4992
3237,b,Undirected,4569
3238,b,Undirected,22852
3239,b,Undirected,6965
3240,b,Undirected,8186
3241,b,Undirected,5809
3242,b,Undirected,4816
3243,b,Undirected,5097
3244,b,Undirected,4440
3245,b,Undirected,4295
3246,b,Undirected,7834
3247,b,Undirected,4531
3248,b,Undirected,4674
3249,b,Undirected,24559
3250,b,Undirected,7457
3251,b,Undirected,13820
3252,b,Undirected,7811
3253,b,Undirected,4755
3254,b,Undirected,4629
3255,b,Undirected,6306
3256,b,Undirected,4231
3257,b,Undirected,10507
3258,b,Undirected,4669
3259,b,Undirected,6409
3260,b,Undirected,7971
3261,b,Undirected,7466
3262,b,Undirected,16145
3263,b,Undirected,5934
3264,b,Undirected,13105
3265,b,Undirected,6369
3266,b,Undirected,5376
3267,b,Undirected,5889
3268,b,Undirected,7811
3269,b,Undirected,6244
3270,b,Undirected,6850
3271,b,Undirected,5028
3272,b,Undirected,4132
3273,b,Undirected,3753
3274,b,Undirected,3804
3275,b,Undirected,5206
3276,b,Undirected,18175
3277,b,Undirected,19746
3278,b,Undirected,7327
3279,b,Undirected,6495
3280,b,Undirected,5663
3281,b,Undirected,4889
3282,b,Undirected,30776
3283,b,Undirected,11176
3284,b,Undirected,8558
3285,b,Undirected,10469
3286,b,Undirected,14361
3287,b,Undirected,9882
3288,b,Undirected,15464
3289,b,Undirected,8442
3290,b,Undirected,8337
3291,b,Undirected,5417
3292,b,Undirected,8862
3293,b,Undirected,7059
3294,b,Undirected,8951
3295,b,Undirected,6019
3296,b,Undirected,6818
3297,b,Undirected,12315
3298,b,Undirected,10795
3299,b,Undirected,9368
3300,b,Undirected,8313
3301,b,Undirected,23724
3302,b,Undirected,15775
3303,b,Undirected,10097
3304,b,Undirected,6381
3305,b,Undirected,6030
3306,b,Undirected,6922
3307,b,Undirected,7185
3308,b,Undirected,8323
3309,b,Undirected,16915
3310,b,Undirected,25493
3311,b,Undirected,14708
3312,b,Undirected,12018
3313,b,Undirected,15615
3314,b,Undirected,11047
3315,b,Undirected,17926
3316,b,Undirected,11130
3317,b,Undirected,8685
3318,b,Undirected,25308
3319,b,Undirected,16083
3320,b,Undirected,9602
3321,b,Undirected,7376
3322,b,Undirected,16222
3323,b,Undirected,17010
3324,b,Undirected,48624
3325,b,Undirected,11756
3326,b,Undirected,11237
3327,b,Undirected,21373
3328,b,Undirected,7186
3329,b,Undirected,10249
3330,b,Undirected,12813
3331,b,Undirected,7875
3332,b,Undirected,9278
3333,b,Undirected,7659
3334,b,Undirected,8891
3335,b,Undirected,8479
3336,b,Undirected,7132
3337,b,Undirected,12909
3338,b,Undirected,6004
3339,b,Undirected,11511
3340,b,Undirected,9826
3341,b,Undirected,8620
3342,b,Undirected,12676
3343,b,Undirected,31427
3344,b,Undirected,18453
3345,b,Undirected,9829
3346,b,Undirected,13875
3347,b,Undirected,51601
3348,b,Undirected,10268
3349,b,Undirected,14623
3350,b,Undirected,20409
3351,b,Undirected,8881
3352,b,Undirected,17542
3353,b,Undirected,9471
3354,b,Undirected,27200
3355,b,Undirected,20788
3356,b,Undirected,21552
3357,b,Undirected,12395
3358,b,Undirected,10333
3359,b,Undirected,16369
3360,b,Undirected,13042
3361,b,Undirected,19392
3362,b,Undirected,17504
3363,b,Undirected,19305
3364,b,Undirected,11426
3365,b,Undirected,9323
3366,b,Undirected,21170
3367,b,Undirected,5533
3368,b,Undirected,8817
3369,b,Undirected,10040
3370,b,Undirected,5406
3371,b,Undirected,5712
3372,b,Undirected,6604
3373,b,Undirected,7515
3374,b,Undirected,15037
3375,b,Undirected,4617
3376,b,Undirected,8895
3377,b,Undirected,6685
3378,b,Undirected,4871
3379,b,Undirected,4620
3380,b,Undirected,5162
3381,b,Undirected,15398
3382,b,Undirected,12012
3383,b,Undirected,6747
3384,b,Undirected,43325
3385,b,Undirected,9001
3386,b,Undirected,17475
3387,b,Undirected,12636
3388,b,Undirected,12326
3389,b,Undirected,14771
3390,b,Undirected,36317
3391,b,Undirected,34189
3392,b,Undirected,18622
3393,b,Undirected,12450
3394,b,Undirected,18712
3395,b,Undirected,12460
3396,b,Undirected,18246
3397,b,Undirected,14829
3398,b,Undirected,25003
3399,b,Undirected,6587
3400,b,Undirected,12707
3401,b,Undirected,8537
3402,b,Undirected,5761
3403,b,Undirected,7413
3404,b,Undirected,8930
3405,b,Undirected,20537
3406,b,Undirected,13687
3407,b,Undirected,10269
3408,b,Undirected,20227
3409,b,Undirected,26057
3410,b,Undirected,14877
3411,b,Undirected,18843
3412,b,Undirected,30221
3413,b,Undirected,24298
3414,b,Undirected,14152
3415,b,Undirected,7770
3416,b,Undirected,51420
3417,b,Undirected,10365
3418,b,Undirected,5538
3419,b,Undirected,8906
3420,b,Undirected,8097
3421,b,Undirected,6334
3422,b,Undirected,6679
3423,b,Undirected,14967
3424,b,Undirected,10997
3425,b,Undirected,10901
3426,b,Undirected,5080
3427,b,Undirected,5498
3428,b,Undirected,4458
3429,b,Undirected,4903
3430,b,Undirected,4182
3431,b,Undirected,4163
3432,b,Undirected,5327
3433,b,Undirected,4662
3434,b,Undirected,4845
3435,b,Undirected,4389
3436,b,Undirected,15202
3437,b,Undirected,11605
3438,b,Undirected,11870
3439,b,Undirected,5716
3440,b,Undirected,5056
3441,b,Undirected,4709
3442,b,Undirected,4702
3443,b,Undirected,7576
3444,b,Undirected,4425
3445,b,Undirected,5733
3446,b,Undirected,8225
3447,b,Undirected,8107
3448,b,Undirected,5980
3449,b,Undirected,4269
3450,b,Undirected,6098
3451,b,Undirected,5053
3452,b,Undirected,4497
3453,b,Undirected,4565
3454,b,Undirected,6350
3455,b,Undirected,6237
3456,b,Undirected,21816
3457,b,Undirected,21103
3458,b,Undirected,6191
3459,b,Undirected,11140
3460,b,Undirected,52245
3461,b,Undirected,17570
3462,b,Undirected,10482
3463,b,Undirected,21704
3464,b,Undirected,7657
3465,b,Undirected,5618
3466,b,Undirected,7247
3467,b,Undirected,6808
3468,b,Undirected,5134
3469,b,Undirected,4620
3470,b,Undirected,10262
3471,b,Undirected,9187
3472,b,Undirected,8844
3473,b,Undirected,8063
3474,b,Undirected,22124
3475,b,Undirected,8672
3476,b,Undirected,9212
3477,b,Undirected,5524
3478,b,Undirected,7925
3479,b,Undirected,7451
3480,b,Undirected,5644
3481,b,Undirected,4837
3482,b,Undirected,6870
3483,b,Undirected,7888
3484,b,Undirected,5443
3485,b,Undirected,10758
3486,b,Undirected,6123
3487,b,Undirected,4328
3488,b,Undirected,8029
3489,b,Undirected,8861
3490,b,Undirected,12335
3491,b,Undirected,6696
3492,b,Undirected,6718
3493,b,Undirected,5697
3494,b,Undirected,6580
3495,b,Undirected,7138
3496,b,Undirected,3303
3497,b,Undirected,2983
3498,b,Undirected,3859
3499,b,Undirected,5007
3500,b,Undirected,4712
3501,b,Undirected,7333
3502,b,Undirected,22432
3503,b,Undirected,3450
3504,b,Undirected,5012
3505,b,Undirected,3579
3506,b,Undirected,3977
3507,b,Undirected,6177
3508,b,Undirected,3820
3509,b,Undirected,19948
3510,b,Undirected,10504
3511,b,Undirected,15848
3512,b,Undirected,10174
3513,b,Undirected,4920
3514,b,Undirected,8657
3515,b,Undirected,6461
3516,b,Undirected,9323
3517,b,Undirected,15255
3518,b,Undirected,22381
3519,b,Undirected,11471
3520,b,Undirected,9920
3521,b,Undirected,16602
3522,b,Undirected,14432
3523,b,Undirected,6290
3524,b,Undirected,5104
3525,b,Undirected,14590
3526,b,Undirected,9371
3527,b,Undirected,3703
3528,b,Undirected,4429
3529,b,Undirected,4155
3530,b,Undirected,12762
3531,b,Undirected,8588
3532,b,Undirected,13229
3533,b,Undirected,9511
3534,b,Undirected,5626
3535,b,Undirected,7595
3536,b,Undirected,17661
3537,b,Undirected,6402
3538,b,Undirected,8070
3539,b,Undirected,14105
3540,b,Undirected,8221
3541,b,Undirected,22993
3542,b,Undirected,3837
3543,b,Undirected,4554
3544,b,Undirected,4882
3545,b,Undirected,11658
3546,b,Undirected,7593
3547,b,Undirected,6024
3548,b,Undirected,11480
3549,b,Undirected,6406
3550,b,Undirected,16945
3551,b,Undirected,20801
3552,b,Undirected,10059
3553,b,Undirected,5144
3554,b,Undirected,4749
3555,b,Undirected,5091
3556,b,Undirected,5845
3557,b,Undirected,47170
3558,b,Undirected,19046
3559,b,Undirected,15334
3560,b,Undirected,14881
3561,b,Undirected,8258
3562,b,Undirected,5453
3563,b,Undirected,5291
3564,b,Undirected,5071
3565,b,Undirected,5474
3566,b,Undirected,5677
3567,b,Undirected,4752
3568,b,Undirected,5671
3569,b,Undirected,9040
3570,b,Undirected,9640
3571,b,Undirected,19504
3572,b,Undirected,21814
3573,b,Undirected,11417
3574,b,Undirected,45561
3575,b,Undirected,12357
3576,b,Undirected,10922
3577,b,Undirected,22470
3578,b,Undirected,14958
3579,b,Undirected,14784
3580,b,Undirected,31587
3581,b,Undirected,73296
3582,b,Undirected,11647
3583,b,Undirected,35418
3584,b,Undirected,8209
3585,b,Undirected,5699
3586,b,Undirected,8304
3587,b,Undirected,16092
3588,b,Undirected,25677
3589,b,Undirected,16593
3590,b,Undirected,15053
3591,b,Undirected,9231
3592,b,Undirected,7251
3593,b,Undirected,24110
3594,b,Undirected,24061
3595,b,Undirected,9200
3596,b,Undirected,19963
3597,b,Undirected,21215
3598,b,Undirected,7318
3599,b,Undirected,9450
3600,b,Undirected,8391
3601,b,Undirected,9565
3602,b,Undirected,9456
3603,b,Undirected,5733
3604,b,Undirected,14041
3605,b,Undirected,12895
3606,b,Undirected,8121
3607,b,Undirected,5318
3608,b,Undirected,28375
3609,b,Undirected,12594
3610,b,Undirected,4746
3611,b,Undirected,5341
3612,b,Undirected,4144
3613,b,Undirected,3766
3614,b,Undirected,3902
3615,b,Undirected,3814
3616,b,Undirected,5360
3617,b,Undirected,4029
3618,b,Undirected,7647
3619,b,Undirected,7736
3620,b,Undirected,5182
3621,b,Undirected,5577
3622,b,Undirected,4210
3623,b,Undirected,4393
3624,b,Undirected,8311
3625,b,Undirected,9652
3626,b,Undirected,32682
3627,b,Undirected,10199
3628,b,Undirected,5233
3629,b,Undirected,6530
3630,b,Undirected,14354
3631,b,Undirected,6821
3632,b,Undirected,11599
3633,b,Undirected,7604
3634,b,Undirected,8056
3635,b,Undirected,8101
3636,b,Undirected,11269
3637,b,Undirected,14512
3638,b,Undirected,10640
3639,b,Undirected,6380
3640,b,Undirected,11970
3641,b,Undirected,7706
3642,b,Undirected,12422
3643,b,Undirected,5806
3644,b,Undirected,5470
3645,b,Undirected,4565
3646,b,Undirected,4340
3647,b,Undirected,4344
3648,b,Undirected,5490
3649,b,Undirected,4372
3650,b,Undirected,3972
3651,b,Undirected,6113
3652,b,Undirected,6306
3653,b,Undirected,11021
3654,b,Undirected,13199
3655,b,Undirected,23277
3656,b,Undirected,18342
3657,b,Undirected,10386
3658,b,Undirected,6779
3659,b,Undirected,4740
3660,b,Undirected,6187
3661,b,Undirected,5120
3662,b,Undirected,6403
3663,b,Undirected,9368
3664,b,Undirected,18628
3665,b,Undirected,5099
3666,b,Undirected,11499
3667,b,Undirected,12814
3668,b,Undirected,9899
3669,b,Undirected,5882
3670,b,Undirected,6341
3671,b,Undirected,7468
3672,b,Undirected,4183
3673,b,Undirected,3960
3674,b,Undirected,4031
3675,b,Undirected,19978
3676,b,Undirected,4161
3677,b,Undirected,8041
3678,b,Undirected,5288
3679,b,Undirected,15491
3680,b,Undirected,11100
3681,b,Undirected,11141
3682,b,Undirected,5444
3683,b,Undirected,5646
3684,b,Undirected,4702
3685,b,Undirected,4653
3686,b,Undirected,5303
3687,b,Undirected,15888
3688,b,Undirected,6958
3689,b,Undirected,8258
3690,b,Undirected,6334
3691,b,Undirected,6030
3692,b,Undirected,20192
3693,b,Undirected,8035
3694,b,Undirected,10070
3695,b,Undirected,6181
3696,b,Undirected,12651
3697,b,Undirected,8751
3698,b,Undirected,7010
3699,b,Undirected,5931
3700,b,Undirected,6143
3701,b,Undirected,11757
3702,b,Undirected,8234
3703,b,Undirected,8844
3704,b,Undirected,5461
3705,b,Undirected,5294
3706,b,Undirected,6029
3707,b,Undirected,38765
3708,b,Undirected,13184
3709,b,Undirected,6505
3710,b,Undirected,4986
3711,b,Undirected,5128
3712,b,Undirected,10415
3713,b,Undirected,6106
3714,b,Undirected,6558
3715,b,Undirected,6083
3716,b,Undirected,4318
3717,b,Undirected,9206
3718,b,Undirected,16762
3719,b,Undirected,5310
3720,b,Undirected,4312
3721,b,Undirected,5627
3722,b,Undirected,5274
3723,b,Undirected,13535
3724,b,Undirected,26146
3725,b,Undirected,7365
3726,b,Undirected,11050
3727,b,Undirected,20468
3728,b,Undirected,10526
3729,b,Undirected,10285
3730,b,Undirected,13320
3731,b,Undirected,18139
3732,b,Undirected,30236
3733,b,Undirected,9946
3734,b,Undirected,8910
3735,b,Undirected,5887
3736,b,Undirected,5753
3737,b,Undirected,5684
3738,b,Undirected,5547
3739,b,Undirected,5170
3740,b,Undirected,5009
3741,b,Undirected,7420
3742,b,Undirected,8111
3743,b,Undirected,7019
3744,b,Undirected,5154
3745,b,Undirected,4822
3746,b,Undirected,24406
3747,b,Undirected,28095
3748,b,Undirected,8727
3749,b,Undirected,6320
3750,b,Undirected,7612
3751,b,Undirected,5259
3752,b,Undirected,4628
3753,b,Undirected,14627
3754,b,Undirected,5192
3755,b,Undirected,6383
3756,b,Undirected,6778
3757,b,Undirected,4988
3758,b,Undirected,5863
3759,b,Undirected,9113
3760,b,Undirected,4981
3761,b,Undirected,6309
3762,b,Undirected,5702
3763,b,Undirected,6265
3764,b,Undirected,17076
3765,b,Undirected,9621
3766,b,Undirected,4844
3767,b,Undirected,12494
3768,b,Undirected,41807
3769,b,Undirected,13567
3770,b,Undirected,36101
3771,b,Undirected,7922
3772,b,Undirected,8958
3773,b,Undirected,15787
3774,b,Undirected,65476
3775,b,Undirected,14492
3776,b,Undirected,18810
3777,b,Undirected,10233
3778,b,Undirected,9647
3779,b,Undirected,19914
3780,b,Undirected,6738
3781,b,Undirected,7218
3782,b,Undirected,7603
3783,b,Undirected,23048
3784,b,Undirected,11284
3785,b,Undirected,7767
3786,b,Undirected,20278
3787,b,Undirected,13935
3788,b,Undirected,8754
3789,b,Undirected,6567
3790,b,Undirected,7271
3791,b,Undirected,5017
3792,b,Undirected,7673
3793,b,Undirected,13812
3794,b,Undirected,6469
3795,b,Undirected,8746
3796,b,Undirected,22463
3797,b,Undirected,13469
3798,b,Undirected,9523
3799,b,Undirected,15201
3800,b,Undirected,8834
3801,b,Undirected,8683
3802,b,Undirected,6226
3803,b,Undirected,11384
3804,b,Undirected,7618
3805,b,Undirected,8022
3806,b,Undirected,5792
3807,b,Undirected,21070
3808,b,Undirected,9479
3809,b,Undirected,23100
3810,b,Undirected,8962
3811,b,Undirected,23304
3812,b,Undirected,8830
3813,b,Undirected,6847
3814,b,Undirected,9766
3815,b,Undirected,5894
3816,b,Undirected,6377
3817,b,Undirected,5518
3818,b,Undirected,9203
3819,b,Undirected,23674
3820,b,Undirected,8813
3821,b,Undirected,26758
3822,b,Undirected,8502
3823,b,Undirected,5810
3824,b,Undirected,4927
3825,b,Undirected,7060
3826,b,Undirected,5818
3827,b,Undirected,7692
3828,b,Undirected,9757
3829,b,Undirected,7800
3830,b,Undirected,7535
3831,b,Undirected,6906
3832,b,Undirected,20657
3833,b,Undirected,25053
3834,b,Undirected,8631
3835,b,Undirected,9018
3836,b,Undirected,8756
3837,b,Undirected,7106
3838,b,Undirected,9590
3839,b,Undirected,25946
3840,b,Undirected,17010
3841,b,Undirected,7563
3842,b,Undirected,8190
3843,b,Undirected,5843
3844,b,Undirected,5211
3845,b,Undirected,3431
3846,b,Undirected,3536
3847,b,Undirected,4371
3848,b,Undirected,3686
3849,b,Undirected,22203
3850,b,Undirected,9398
3851,b,Undirected,8692
3852,b,Undirected,19941
3853,b,Undirected,9347
3854,b,Undirected,9657
3855,b,Undirected,23384
3856,b,Undirected,27355
3857,b,Undirected,16449
3858,b,Undirected,21714
3859,b,Undirected,14219
3860,b,Undirected,10058
3861,b,Undirected,15395
3862,b,Undirected,24857
3863,b,Undirected,59230
3864,b,Undirected,8409
3865,b,Undirected,12451
3866,b,Undirected,5960
3867,b,Undirected,13623
3868,b,Undirected,19356
3869,b,Undirected,24497
3870,b,Undirected,11736
3871,b,Undirected,7924
3872,b,Undirected,8002
3873,b,Undirected,7123
3874,b,Undirected,8465
3875,b,Undirected,17705
3876,b,Undirected,18418
3877,b,Undirected,9462
3878,b,Undirected,8090
3879,b,Undirected,9339
3880,b,Undirected,7741
3881,b,Undirected,6456
3882,b,Undirected,8332
3883,b,Undirected,23470
3884,b,Undirected,16946
3885,b,Undirected,10223
3886,b,Undirected,11113
3887,b,Undirected,11342
3888,b,Undirected,16979
3889,b,Undirected,16244
3890,b,Undirected,9229
3891,b,Undirected,8847
3892,b,Undirected,17243
3893,b,Undirected,23825
3894,b,Undirected,15256
3895,b,Undirected,16449
3896,b,Undirected,14534
3897,b,Undirected,19363
3898,b,Undirected,11402
3899,b,Undirected,23101
3900,b,Undirected,8612
3901,b,Undirected,8410
3902,b,Undirected,6648
3903,b,Undirected,7516
3904,b,Undirected,5702
3905,b,Undirected,4054
3906,b,Undirected,4467
3907,b,Undirected,3903
3908,b,Undirected,5475
3909,b,Undirected,4026
3910,b,Undirected,3841
3911,b,Undirected,6300
3912,b,Undirected,7322
3913,b,Undirected,25099
3914,b,Undirected,22751
3915,b,Undirected,14459
3916,b,Undirected,9438
3917,b,Undirected,17848
3918,b,Undirected,7697
3919,b,Undirected,9904
3920,b,Undirected,9406
3921,b,Undirected,32924
3922,b,Undirected,18663
3923,b,Undirected,32119
3924,b,Undirected,10457
3925,b,Undirected,67503
3926,b,Undirected,11153
3927,b,Undirected,9444
3928,b,Undirected,13049
3929,b,Undirected,10821
3930,b,Undirected,15679
3931,b,Undirected,6735
3932,b,Undirected,10542
3933,b,Undirected,8468
3934,b,Undirected,22218
3935,b,Undirected,14790
3936,b,Undirected,19509
3937,b,Undirected,5364
3938,b,Undirected,5184
3939,b,Undirected,3382
3940,b,Undirected,2730
3941,b,Undirected,10206
3942,b,Undirected,9476
3943,b,Undirected,5038
3944,b,Undirected,5209
3945,b,Undirected,4813
3946,b,Undirected,4697
3947,b,Undirected,4445
3948,b,Undirected,6369
3949,b,Undirected,4904
3950,b,Undirected,4659
3951,b,Undirected,4944
3952,b,Undirected,4523
3953,b,Undirected,7472
3954,b,Undirected,4470
3955,b,Undirected,4394
3956,b,Undirected,4351
3957,b,Undirected,6132
3958,b,Undirected,14463
3959,b,Undirected,23516
3960,b,Undirected,13365
3961,b,Undirected,9851
3962,b,Undirected,15780
3963,b,Undirected,54468
3964,b,Undirected,8957
3965,b,Undirected,9515
3966,b,Undirected,7458
3967,b,Undirected,9190
3968,b,Undirected,8258
3969,b,Undirected,13537
3970,b,Undirected,7011
3971,b,Undirected,6527
3972,b,Undirected,32947
3973,b,Undirected,27758
3974,b,Undirected,17742
3975,b,Undirected,39656
3976,b,Undirected,9576
3977,b,Undirected,10250
3978,b,Undirected,6383
3979,b,Undirected,7885
3980,b,Undirected,8419
3981,b,Undirected,7027
3982,b,Undirected,7444
3983,b,Undirected,17969
3984,b,Undirected,24867
3985,b,Undirected,5409
3986,b,Undirected,15738
3987,b,Undirected,6864
3988,b,Undirected,6670
3989,b,Undirected,17327
3990,b,Undirected,12477
3991,b,Undirected,18325
3992,b,Undirected,9361
3993,b,Undirected,63003
3994,b,Undirected,5910
3995,b,Undirected,10979
3996,b,Undirected,22157
3997,b,Undirected,17818
3998,b,Undirected,15693
3999,b,Undirected,29009
4000,b,Undirected,35700
4001,b,Undirected,37104
4002,b,Undirected,10869
4003,b,Undirected,13258
4004,b,Undirected,15495
4005,b,Undirected,12230
4006,b,Undirected,13154
4007,b,Undirected,8894
4008,b,Undirected,9381
4009,b,Undirected,13269
4010,b,Undirected,7812
4011,b,Undirected,7344
4012,b,Undirected,17797
4013,b,Undirected,8826
4014,b,Undirected,16539
4015,b,Undirected,11967
4016,b,Undirected,9658
4017,b,Undirected,15057
4018,b,Undirected,8753
4019,b,Undirected,17042
4020,b,Undirected,28577
4021,b,Undirected,8900
4022,b,Undirected,9374
4023,b,Undirected,8773
4024,b,Undirected,30532
4025,b,Undirected,18837
4026,b,Undirected,7893
4027,b,Undirected,9259
4028,b,Undirected,18736
4029,b,Undirected,13663
4030,b,Undirected,8966
4031,b,Undirected,15243
4032,b,Undirected,19424
4033,b,Undirected,14185
4034,b,Undirected,31074
4035,b,Undirected,27837
4036,b,Undirected,25295
4037,b,Undirected,21120
4038,b,Undirected,30072
4039,b,Undirected,46139
4040,b,Undirected,27542
4041,b,Undirected,14191
4042,b,Undirected,9808
4043,b,Undirected,20444
4044,b,Undirected,32583
4045,b,Undirected,40409
4046,b,Undirected,21262
4047,b,Undirected,10100
4048,b,Undirected,7260
4049,b,Undirected,10314
4050,b,Undirected,7589
4051,b,Undirected,26330
4052,b,Undirected,6113
4053,b,Undirected,28530
4054,b,Undirected,14121
4055,b,Undirected,20249
4056,b,Undirected,42156
4057,b,Undirected,35246
4058,b,Undirected,21338
4059,b,Undirected,33085
4060,b,Undirected,24483
4061,b,Undirected,13785
4062,b,Undirected,8057
4063,b,Undirected,10337
4064,b,Undirected,9163
4065,b,Undirected,12976
4066,b,Undirected,28126
4067,b,Undirected,16561
4068,b,Undirected,9666
4069,b,Undirected,10170
4070,b,Undirected,16781
4071,b,Undirected,23398
4072,b,Undirected,30181
4073,b,Undirected,28839
4074,b,Undirected,27188
4075,b,Undirected,11711
4076,b,Undirected,20211
4077,b,Undirected,8160
4078,b,Undirected,39256
4079,b,Undirected,13323
4080,b,Undirected,37553
4081,b,Undirected,16338
4082,b,Undirected,9470
4083,b,Undirected,10209
4084,b,Undirected,8626
4085,b,Undirected,11409
4086,b,Undirected,14498
4087,b,Undirected,6727
4088,b,Undirected,11663
4089,b,Undirected,23907
4090,b,Undirected,9292
4091,b,Undirected,97149
,,,
,,,
